campaign,reference#,donorID,city,state,country,method,amount,donation_time,referer,subtype,description,quantity
Donate to Unscripted,7043548105,NAME001,New York,NY,USA,check,5.00,2022-01-12 3:58:39,,donation,Donation to The Unscripted Project,1
Unscripted Back to School 2021 Campaign,1591035482,NAME002,,,USA,cash,"14,325.00",2022-01-12 2:22:24,https://dashboard.givebutter.com/,donation,Donation to The Unscripted Project,1
Unscripted Back to School 2021 Campaign,9247396696,NAME003,,,,venmo,"1,000.00",2022-01-11 20:33:54,,donation,Donation to The Unscripted Project,1
Unscripted Back to School 2021 Campaign,4595351851,NAME004,,,,paypal,10.00,2022-01-10 16:50:57,https://linktr.ee/,donation,Donation to The Unscripted Project,1
Unscripted Back to School 2021 Campaign,5975702880,NAME005,,NY,USA,cash,200.00,2022-01-03 2:13:19,https://dashboard.givebutter.com/,donation,Donation to The Unscripted Project,1
Unscripted Back to School 2021 Campaign,1221321935,NAME006,Morganville,NJ,USA,card,25.00,2022-01-01 16:44:50,,donation,Donation to The Unscripted Project,1
Unscripted Back to School 2021 Campaign,5567830203,NAME007,Florham Park,NJ,USA,card,65.00,2021-12-28 16:46:11,,donation,Donation to The Unscripted Project,1
Unscripted Back to School 2021 Campaign,7426484717,NAME008,Bethesda,MD,USA,card,65.00,2021-12-23 17:11:35,https://l.facebook.com/,donation,Donation to The Unscripted Project,1
Unscripted Back to School 2021 Campaign,7389162189,NAME009,,,USA,cash,"1,755.00",2021-12-21 0:41:26,https://dashboard.givebutter.com/,donation,Donation to The Unscripted Project,1
Unscripted Back to School 2021 Campaign,4926268071,NAME010,Secaucus,NJ,USA,digital_wallet,50.00,2021-12-20 7:34:09,,donation,Donation to The Unscripted Project,1
Unscripted Back to School 2021 Campaign,3417487657,NAME011,Maple Grove,MN,USA,digital_wallet,25.00,2021-12-19 16:02:18,,donation,Donation to The Unscripted Project,1
Unscripted Back to School 2021 Campaign,2740642599,NAME012,San Ramon,CA,USA,digital_wallet,25.00,2021-12-19 4:12:15,,donation,Donation to The Unscripted Project,1
Unscripted Back to School 2021 Campaign,5718259132,NAME013,New York,NY,USA,digital_wallet,50.00,2021-12-15 18:07:21,,donation,Donation to The Unscripted Project,1
Unscripted Back to School 2021 Campaign,4920849567,NAME014,New York City,NY,USA,digital_wallet,65.00,2021-12-14 3:32:27,,donation,Donation to The Unscripted Project,1
Unscripted Back to School 2021 Campaign,6837814944,NAME015,San Ramon,CA,USA,digital_wallet,65.00,2021-12-13 21:37:50,,donation,Donation to The Unscripted Project,1
Unscripted Back to School 2021 Campaign,6059205385,NAME016,Anchorage,AK,USA,card,"1,000.00",2021-12-13 1:27:59,,donation,Donation to The Unscripted Project,1
Unscripted 2021 Fundraiser Wrap Party,5828006400,NAME017,New York,NY,USA,cash,80.00,2021-12-12 23:48:22,https://dashboard.givebutter.com/,donation,Donation to The Unscripted Project,1
Unscripted 2021 Fundraiser Wrap Party,7063090582,NAME018,,NY,USA,cash,210.00,2021-12-12 21:09:51,,donation,Donation to The Unscripted Project,1
Unscripted 2021 Fundraiser Wrap Party,6492279577,NAME019,Malvern,PA,USA,card,25.00,2021-12-12 13:52:29,https://l.facebook.com/,donation,Donation to The Unscripted Project,1
Unscripted Back to School 2021 Campaign,1280694476,NAME020,Baltimore,MD,USA,card,65.00,2021-12-12 7:39:52,,donation,Donation to The Unscripted Project,1
Unscripted Back to School 2021 Campaign,7467629840,NAME021,Villanova,PA,USA,digital_wallet,65.00,2021-12-12 6:31:13,,donation,Donation to The Unscripted Project,1
Unscripted Back to School 2021 Campaign,5333254275,NAME022,Ridgewood,NY,USA,card,65.00,2021-12-12 2:37:00,,donation,Donation to The Unscripted Project,1
Unscripted Back to School 2021 Campaign,2168201442,NAME023,New York,NY,USA,card,25.00,2021-12-12 2:15:22,,donation,Donation to The Unscripted Project,1
Unscripted 2021 Fundraiser Wrap Party,7610938017,NAME024,long island city,NY,USA,card,60.00,2021-12-12 1:59:36,http://m.facebook.com,ticket,General Admission,1
Unscripted 2021 Fundraiser Wrap Party,7610938017,NAME024,long island city,NY,USA,card,60.00,2021-12-12 1:59:36,http://m.facebook.com,donation,Donation to The Unscripted Project,1
Unscripted 2021 Fundraiser Wrap Party,2103571114,NAME025,New York,NY,USA,card,35.00,2021-12-12 1:30:14,http://m.facebook.com,ticket,General Admission,1
Unscripted 2021 Fundraiser Wrap Party,8278015092,NAME026,,,,,0.00,2021-12-11 23:49:12,,ticket,General Admission (unscriptedVIP - 100.00% OFF),1
Unscripted 2021 Fundraiser Wrap Party,2397933706,NAME025,New York,NY,USA,card,70.00,2021-12-11 23:37:44,http://m.facebook.com,ticket,General Admission,2
Unscripted 2021 Fundraiser Wrap Party,9616696606,NAME027,New York,NY,USA,digital_wallet,35.00,2021-12-11 22:30:27,,ticket,General Admission,1
Unscripted 2021 Fundraiser Wrap Party,4617191273,NAME028,,,,venmo,35.00,2021-12-11 22:29:40,,ticket,General Admission,1
Unscripted 2021 Fundraiser Wrap Party,7909876183,NAME029,,,,venmo,25.00,2021-12-11 22:15:01,,donation,Donation to The Unscripted Project,1
Unscripted 2021 Fundraiser Wrap Party,4312216838,NAME030,,,,,0.00,2021-12-11 21:21:01,,ticket,General Admission (unscriptedVIP - 100.00% OFF),2
Unscripted 2021 Fundraiser Wrap Party,2694897001,NAME031,El Paso,TX,USA,digital_wallet,70.00,2021-12-11 19:20:08,,ticket,General Admission,2
Unscripted 2021 Fundraiser Wrap Party,1023708533,NAME032,New York,NY,USA,digital_wallet,35.00,2021-12-11 19:11:30,,ticket,General Admission,1
Unscripted 2021 Fundraiser Wrap Party,6846914334,NAME033,New York,NY,USA,card,105.00,2021-12-11 18:58:20,,ticket,General Admission,3
Unscripted 2021 Fundraiser Wrap Party,5715223335,NAME034,,,,paypal,35.00,2021-12-11 18:09:58,http://m.facebook.com,ticket,General Admission,1
Unscripted 2021 Fundraiser Wrap Party,8742788403,NAME035,,,,paypal,35.00,2021-12-11 18:07:55,http://m.facebook.com,ticket,General Admission,1
Unscripted 2021 Fundraiser Wrap Party,2795747533,NAME036,Brooklyn,NY,USA,card,35.00,2021-12-11 13:37:21,,ticket,General Admission,1
Donate to Unscripted,1471925346,NAME037,bayside,NY,USA,card,5.00,2021-12-11 4:17:04,,donation,Donation to The Unscripted Project,1
Unscripted 2021 Fundraiser Wrap Party,4556574927,NAME025,New York,NY,USA,card,35.00,2021-12-10 20:26:15,,ticket,General Admission,1
Unscripted 2021 Fundraiser Wrap Party,7540909812,NAME038,,,,,0.00,2021-12-10 16:41:18,,ticket,General Admission (unscriptedVIP - 100.00% OFF),1
Unscripted 2021 Fundraiser Wrap Party,6124450298,NAME039,,,,,0.00,2021-12-10 13:16:24,,ticket,General Admission (unscriptedVIP - 100.00% OFF),1
Unscripted Back to School 2021 Campaign,6829157408,NAME040,san francisco,CA,USA,card,130.00,2021-12-10 9:44:08,,donation,Donation to The Unscripted Project,1
Unscripted 2021 Fundraiser Wrap Party,6689414972,NAME041,New York,NY,USA,card,60.00,2021-12-10 5:56:17,https://l.facebook.com/,ticket,General Admission,1
Unscripted 2021 Fundraiser Wrap Party,6689414972,NAME041,New York,NY,USA,card,60.00,2021-12-10 5:56:17,https://l.facebook.com/,donation,Donation to The Unscripted Project,1
Unscripted 2021 Fundraiser Wrap Party,3633407882,NAME042,Traverse City,MI,USA,digital_wallet,35.00,2021-12-10 3:46:52,,ticket,General Admission,1
Unscripted 2021 Fundraiser Wrap Party,6234693919,NAME043,Livingston,NJ,USA,card,35.00,2021-12-10 1:31:08,,ticket,General Admission,1
Unscripted 2021 Fundraiser Wrap Party,2559382482,NAME044,New York,NY,USA,card,70.00,2021-12-10 1:03:21,,ticket,General Admission,2
Unscripted 2021 Fundraiser Wrap Party,6427937278,NAME045,,,,venmo,35.00,2021-12-10 0:34:54,,ticket,General Admission,1
Unscripted 2021 Fundraiser Wrap Party,8234540176,NAME046,Spring Lake,NJ,USA,digital_wallet,35.00,2021-12-10 0:03:51,,ticket,General Admission,1
Unscripted Back to School 2021 Campaign,4653009187,NAME047,,,,paypal,65.00,2021-12-09 22:40:09,,donation,Donation to The Unscripted Project,1
Unscripted Back to School 2021 Campaign,9212649192,NAME048,New York,NY,USA,card,500.00,2021-12-09 21:52:31,,donation,Donation to The Unscripted Project,1
Unscripted 2021 Fundraiser Wrap Party,6785970539,NAME049,Wexford,PA,USA,card,35.00,2021-12-09 17:38:22,,ticket,General Admission,1
Unscripted Back to School 2021 Campaign,4786136433,NAME050,Wall,NJ,USA,card,65.00,2021-12-09 14:44:05,,donation,Donation to The Unscripted Project,1
Unscripted Back to School 2021 Campaign,5507701184,NAME051,Philadelphia,PA,USA,card,130.00,2021-12-09 3:36:59,,donation,Donation to The Unscripted Project,1
Unscripted Back to School 2021 Campaign,1868573135,NAME052,New York,NY,USA,card,65.00,2021-12-09 3:19:19,,donation,Donation to The Unscripted Project,1
Unscripted 2021 Fundraiser Wrap Party,3157587527,NAME053,Fairfax,VA,USA,card,35.00,2021-12-09 2:58:56,http://m.facebook.com,ticket,General Admission,1
Unscripted Back to School 2021 Campaign,3781199559,NAME054,New York,NY,USA,card,65.00,2021-12-09 0:08:38,,donation,Donation to The Unscripted Project,1
Unscripted Back to School 2021 Campaign,5509858078,NAME055,New York City,NY,USA,card,99.00,2021-12-08 19:47:36,,donation,Donation to The Unscripted Project,1
Unscripted 2021 Fundraiser Wrap Party,3436489027,NAME056,New York,NY,USA,digital_wallet,70.00,2021-12-08 4:09:30,,ticket,General Admission,2
Unscripted Back to School 2021 Campaign,1599422019,NAME057,New York,NY,USA,digital_wallet,50.00,2021-12-08 4:07:38,,donation,Donation to The Unscripted Project,1
Unscripted 2021 Fundraiser Wrap Party,9841080878,NAME056,,,,,0.00,2021-12-08 4:00:38,,ticket,General Admission (unscriptedVIP - 100.00% OFF),2
Unscripted 2021 Fundraiser Wrap Party,6622934690,NAME058,,,,,0.00,2021-12-08 3:50:36,,ticket,General Admission (unscriptedVIP - 100.00% OFF),1
Unscripted 2021 Fundraiser Wrap Party,7026018107,NAME059,,,,,0.00,2021-12-08 3:49:27,,ticket,General Admission (unscriptedVIP - 100.00% OFF),2
Unscripted 2021 Fundraiser Wrap Party,2032711239,NAME025,New york,NY,USA,card,35.00,2021-12-08 3:42:31,,ticket,General Admission,1
Unscripted 2021 Fundraiser Wrap Party,2312044604,NAME060,New York,NY,USA,digital_wallet,35.00,2021-12-08 2:21:45,,ticket,General Admission,1
Unscripted 2021 Fundraiser Wrap Party,6266598512,NAME061,Pleasanton,CA,USA,card,35.00,2021-12-07 19:47:37,,ticket,General Admission,1
Unscripted 2021 Fundraiser Wrap Party,4685262281,NAME062,Cheshire,CT,USA,card,35.00,2021-12-07 4:31:47,,ticket,General Admission,1
Unscripted 2021 Fundraiser Wrap Party,3817152358,NAME063,Philadelphia,PA,USA,card,35.00,2021-12-07 4:01:51,,ticket,General Admission,1
Unscripted 2021 Fundraiser Wrap Party,1920449512,NAME064,,,,,0.00,2021-12-06 15:38:51,https://l.facebook.com/,ticket,General Admission (unscriptedVIP - 100.00% OFF),1
Unscripted 2021 Fundraiser Wrap Party,8343582407,NAME065,,,,,0.00,2021-12-06 14:38:02,,ticket,General Admission (unscriptedVIP - 100.00% OFF),1
Unscripted Back to School 2021 Campaign,2592243392,NAME066,Shanghai,China,CHN,card,"2,000.00",2021-12-06 14:11:00,,donation,Donation to The Unscripted Project,1
Unscripted 2021 Fundraiser Wrap Party,5211788734,NAME067,New York,NY,USA,card,35.00,2021-12-06 1:41:12,http://m.facebook.com,ticket,General Admission,1
Unscripted 2021 Fundraiser Wrap Party,6126226983,NAME068,,,,,0.00,2021-12-06 1:22:12,,ticket,General Admission (unscriptedVIP - 100.00% OFF),1
Unscripted 2021 Fundraiser Wrap Party,2165045243,NAME069,New York,NY,USA,card,35.00,2021-12-06 1:16:04,https://l.facebook.com/,ticket,General Admission,1
Unscripted Back to School 2021 Campaign,3423871528,NAME070,Philadelphia,PA,USA,card,25.00,2021-12-05 3:01:13,https://l.facebook.com/,donation,Donation to The Unscripted Project,1
Unscripted 2021 Fundraiser Wrap Party,6750790911,NAME036,Brooklyn,NY,USA,card,35.00,2021-12-04 12:52:22,,ticket,General Admission,1
Unscripted 2021 Fundraiser Wrap Party,6880455112,NAME071,,,,paypal,35.00,2021-12-03 20:52:41,,ticket,General Admission,1
Unscripted Back to School 2021 Campaign,4307473145,NAME072,New York,NY,USA,cash,80.00,2021-12-03 20:22:39,https://dashboard.givebutter.com/,donation,Donation to The Unscripted Project,1
Unscripted Back to School 2021 Campaign,9101239161,NAME073,Saratoga,,USA,cash,75.00,2021-12-03 20:18:18,https://dashboard.givebutter.com/,donation,Donation to The Unscripted Project,1
Unscripted Back to School 2021 Campaign,2079897651,NAME074,Pleasanton,CA,USA,card,130.00,2021-12-03 18:57:12,,donation,Donation to The Unscripted Project,1
Unscripted Back to School 2021 Campaign,1411436610,NAME075,Washington,DC,USA,card,15.00,2021-12-03 16:09:27,,donation,Donation to The Unscripted Project,1
Unscripted 2021 Fundraiser Wrap Party,3130299345,NAME076,Philadelphia,PA,USA,card,35.00,2021-12-03 15:07:33,,ticket,General Admission,1
Unscripted Back to School 2021 Campaign,9891636600,NAME077,,,,paypal,65.00,2021-12-03 9:47:15,https://l.facebook.com/,donation,Donation to The Unscripted Project,1
Unscripted Back to School 2021 Campaign,8194871194,NAME078,London,London,GBR,card,130.00,2021-12-02 20:35:24,,donation,Donation to The Unscripted Project,1
Unscripted Back to School 2021 Campaign,7693462224,NAME078,London,London,GBR,card,130.00,2021-12-02 19:38:43,,donation,Donation to The Unscripted Project,1
Unscripted Back to School 2021 Campaign,9327853958,NAME079,Haddonfield,NJ,USA,card,"1,000.00",2021-12-02 15:22:10,,donation,Donation to The Unscripted Project,1
Unscripted Back to School 2021 Campaign,4009943561,NAME049,Wexford,PA,USA,card,25.00,2021-12-01 20:42:46,,donation,Donation to The Unscripted Project,1
Unscripted 2021 Fundraiser Wrap Party,8299135130,NAME080,,,,,0.00,2021-12-01 18:09:28,,ticket,General Admission (unscriptedVIP - 100.00% OFF),1
Unscripted Back to School 2021 Campaign,4670665014,NAME081,E LANSDOWNE,PA,USA,card,130.00,2021-12-01 16:50:05,,donation,Donation to The Unscripted Project,1
Unscripted Back to School 2021 Campaign,6036951451,NAME082,Smyrna,GA,USA,card,130.00,2021-12-01 15:44:03,https://l.facebook.com/,donation,Donation to The Unscripted Project,1
Unscripted Back to School 2021 Campaign,7343330490,NAME083,,,,paypal,130.00,2021-12-01 13:28:40,,donation,Donation to The Unscripted Project,1
Unscripted Back to School 2021 Campaign,7025417650,NAME084,Beverly Hills,CA,USA,digital_wallet,100.00,2021-12-01 3:32:03,,donation,Donation to The Unscripted Project,1
Unscripted Back to School 2021 Campaign,9720462138,NAME026,New York,NY,USA,cash,150.00,2021-12-01 3:28:51,https://dashboard.givebutter.com/,donation,Donation to The Unscripted Project,1
Unscripted Back to School 2021 Campaign,7124530946,NAME085,New York,NY,USA,cash,50.00,2021-12-01 3:27:28,https://dashboard.givebutter.com/,donation,Donation to The Unscripted Project,1
Unscripted Back to School 2021 Campaign,2102964066,NAME086,New York,NY,USA,cash,25.00,2021-12-01 3:25:31,https://dashboard.givebutter.com/,donation,Donation to The Unscripted Project,1
Unscripted Back to School 2021 Campaign,9070417062,NAME087,New York,NY,USA,cash,20.00,2021-12-01 3:24:07,https://dashboard.givebutter.com/,donation,Donation to The Unscripted Project,1
Unscripted Back to School 2021 Campaign,1016117627,NAME088,San Francisco,CA,USA,cash,30.00,2021-12-01 3:21:47,https://dashboard.givebutter.com/,donation,Donation to The Unscripted Project,1
Unscripted Back to School 2021 Campaign,4656718283,NAME089,New York,NY,USA,digital_wallet,65.00,2021-12-01 0:39:47,,donation,Donation to The Unscripted Project,1
Unscripted Back to School 2021 Campaign,1433414582,NAME090,New York,NY,USA,cash,20.00,2021-11-30 23:54:37,https://dashboard.givebutter.com/,donation,Donation to The Unscripted Project,1
Unscripted Back to School 2021 Campaign,7379000144,NAME091,,,,venmo,25.00,2021-11-30 23:45:01,,donation,Donation to The Unscripted Project,1
Unscripted Back to School 2021 Campaign,3353289005,NAME092,Wilmington,DE,USA,card,"5,000.00",2021-11-30 21:56:09,https://www.google.com/,donation,Donation to The Unscripted Project,1
Unscripted Back to School 2021 Campaign,3547291411,NAME062,Cheshire,CT,USA,card,15.00,2021-11-30 20:43:34,,donation,Donation to The Unscripted Project,1
Unscripted Back to School 2021 Campaign,8311147476,NAME036,Brooklyn,NY,USA,cash,70.00,2021-11-30 20:04:08,https://dashboard.givebutter.com/,donation,Donation to The Unscripted Project,1
Unscripted Back to School 2021 Campaign,7737418669,NAME093,,,USA,cash,5.00,2021-11-30 20:02:27,https://dashboard.givebutter.com/,donation,Donation to The Unscripted Project,1
Unscripted Back to School 2021 Campaign,2472425352,NAME059,,,USA,check,"5,000.00",2021-11-30 19:44:42,https://dashboard.givebutter.com/,donation,Donation to The Unscripted Project,1
Unscripted Back to School 2021 Campaign,1948310188,NAME094,Kew Gardens,NY,USA,card,130.00,2021-11-30 17:51:16,https://www.linkedin.com/,donation,Donation to The Unscripted Project,1
Unscripted Back to School 2021 Campaign,1796853854,NAME095,New York,NY,USA,cash,100.00,2021-11-30 17:00:27,https://dashboard.givebutter.com/,donation,Donation to The Unscripted Project,1
Unscripted Back to School 2021 Campaign,3884419999,NAME096,David,CA,USA,cash,25.00,2021-11-30 16:58:08,https://dashboard.givebutter.com/,donation,Donation to The Unscripted Project,1
Unscripted Back to School 2021 Campaign,3959632918,NAME065,New York,NY,USA,cash,65.00,2021-11-30 16:55:53,https://dashboard.givebutter.com/,donation,Donation to The Unscripted Project,1
Unscripted Back to School 2021 Campaign,7679863054,NAME097,New York,NY,USA,cash,30.00,2021-11-30 16:54:00,https://dashboard.givebutter.com/,donation,Donation to The Unscripted Project,1
Unscripted Back to School 2021 Campaign,5645247109,NAME044,New York,NY,USA,card,25.00,2021-11-30 1:19:11,,donation,Donation to The Unscripted Project,1
Unscripted 2021 Fundraiser Wrap Party,9776143837,NAME098,Philadelphia,PA,USA,card,35.00,2021-11-30 1:16:13,,ticket,General Admission,1
Unscripted Back to School 2021 Campaign,2598622326,NAME099,PA,PA,USA,card,25.00,2021-11-28 22:46:59,,donation,Donation to The Unscripted Project,1
Unscripted Back to School 2021 Campaign,1864395109,NAME100,New York,NY,USA,card,10.00,2021-11-28 22:21:50,https://l.facebook.com/,donation,Donation to The Unscripted Project,1
Unscripted Back to School 2021 Campaign,7073467948,NAME101,Washington,DC,USA,card,65.00,2021-11-28 1:56:05,,donation,Donation to The Unscripted Project,1
Unscripted Back to School 2021 Campaign,1292329470,NAME102,Washington,DC,USA,card,25.00,2021-11-27 1:47:09,,donation,Donation to The Unscripted Project,1
Unscripted Back to School 2021 Campaign,8202409990,NAME067,,,USA,cash,65.00,2021-11-26 5:46:55,https://dashboard.givebutter.com/,donation,Donation to The Unscripted Project,1
Unscripted Back to School 2021 Campaign,4504201217,NAME069,New York,NY,USA,cash,65.00,2021-11-26 5:42:53,https://dashboard.givebutter.com/,donation,Donation to The Unscripted Project,1
Unscripted Back to School 2021 Campaign,8693400804,NAME103,New York,NY,USA,cash,50.00,2021-11-26 5:41:22,https://dashboard.givebutter.com/,donation,Donation to The Unscripted Project,1
Unscripted Back to School 2021 Campaign,4760041322,NAME104,Sevenoaks,England,GBR,digital_wallet,20.00,2021-11-26 2:06:57,https://l.messenger.com/,donation,Donation to The Unscripted Project,1
Unscripted Back to School 2021 Campaign,7394067501,NAME105,New York,NY,USA,card,65.00,2021-11-26 0:57:40,,donation,Donation to The Unscripted Project,1
Unscripted Back to School 2021 Campaign,9824878752,NAME106,,,,ach,500.00,2021-12-02 1:33:10,,donation,Donation to The Unscripted Project,1
Unscripted Back to School 2021 Campaign,5087713954,NAME003,New York,NY,USA,card,65.00,2021-11-25 4:13:34,,donation,Donation to The Unscripted Project,1
Unscripted Back to School 2021 Campaign,6763857555,NAME039,New York,NY,USA,card,130.00,2021-11-25 2:20:36,,donation,Donation to The Unscripted Project,1
Unscripted Back to School 2021 Campaign,2196407877,NAME107,,,,venmo,130.00,2021-11-24 21:07:53,,donation,Donation to The Unscripted Project,1
Unscripted Back to School 2021 Campaign,1598443647,NAME108,New York,NY,USA,cash,25.00,2021-11-24 18:31:22,https://dashboard.givebutter.com/,donation,Donation to The Unscripted Project,1
Unscripted Back to School 2021 Campaign,5169190882,NAME109,Boyds,MD,USA,card,25.00,2021-11-24 18:21:10,https://www.linkedin.com/,donation,Donation to The Unscripted Project,1
Unscripted Back to School 2021 Campaign,8316843540,NAME110,Wellesley,MA,USA,card,25.00,2021-11-24 16:01:19,,donation,Donation to The Unscripted Project,1
Unscripted Back to School 2021 Campaign,9573845294,NAME111,Glen Rock,NJ,USA,digital_wallet,25.00,2021-11-24 15:51:53,,donation,Donation to The Unscripted Project,1
Unscripted Back to School 2021 Campaign,3646134513,NAME112,Hialeah,FL,USA,digital_wallet,25.00,2021-11-24 15:15:02,,donation,Donation to The Unscripted Project,1
Unscripted Back to School 2021 Campaign,2117816025,NAME113,New York,NY,USA,cash,100.00,2021-11-24 14:59:25,https://dashboard.givebutter.com/,donation,Donation to The Unscripted Project,1
Unscripted Back to School 2021 Campaign,6277368798,NAME114,new York,NY,USA,digital_wallet,50.00,2021-11-24 13:53:47,,donation,Donation to The Unscripted Project,1
Unscripted Back to School 2021 Campaign,2562655948,NAME115,Carrboro,NC,USA,card,15.00,2021-11-24 12:27:42,https://l.facebook.com/,donation,Donation to The Unscripted Project,1
Unscripted Back to School 2021 Campaign,6976850875,NAME116,Dallas,TX,USA,card,130.00,2021-11-24 4:55:31,,donation,Donation to The Unscripted Project,1
Unscripted Back to School 2021 Campaign,6228803151,NAME019,Malvern,PA,USA,card,25.00,2021-11-24 4:28:46,,donation,Donation to The Unscripted Project,1
Unscripted Back to School 2021 Campaign,1794453363,NAME117,Milford,NJ,USA,digital_wallet,25.00,2021-11-24 3:09:48,,donation,Donation to The Unscripted Project,1
Unscripted Back to School 2021 Campaign,6915201278,NAME118,,,USA,cash,20.00,2021-11-23 20:10:54,https://dashboard.givebutter.com/,donation,Donation to The Unscripted Project,1
Unscripted Back to School 2021 Campaign,6590636162,NAME119,Fishers,INDIANA,USA,digital_wallet,25.00,2021-11-23 2:27:37,,donation,Donation to The Unscripted Project,1
Unscripted Back to School 2021 Campaign,1654539563,NAME120,San Ramon,CA,USA,card,130.00,2021-11-23 2:16:55,,donation,Donation to The Unscripted Project,1
Unscripted Back to School 2021 Campaign,8015674321,NAME121,,,USA,cash,65.00,2021-11-23 1:35:33,https://dashboard.givebutter.com/,donation,Donation to The Unscripted Project,1
Unscripted Back to School 2021 Campaign,9209403724,NAME017,,,USA,cash,"1,250.00",2021-11-21 22:26:44,https://dashboard.givebutter.com/,donation,Donation to The Unscripted Project,1
Unscripted Back to School 2021 Campaign,9621215368,NAME018,New York,NY,USA,cash,"1,250.00",2021-11-21 22:10:38,https://dashboard.givebutter.com/,donation,Donation to The Unscripted Project,1
Unscripted 2021 Fundraiser Wrap Party,2294544790,NAME122,New York,NY,USA,digital_wallet,35.00,2021-11-21 21:20:25,,ticket,General Admission,1
Unscripted Back to School 2021 Campaign,8744429787,NAME063,Philadelphia,PA,USA,card,750.00,2021-11-21 16:34:39,,donation,Donation to The Unscripted Project,1
Unscripted Back to School 2021 Campaign,9604981436,NAME123,Toronto,ON,CAN,digital_wallet,50.00,2021-11-20 15:00:20,https://l.facebook.com/,donation,Donation to The Unscripted Project,1
Unscripted Back to School 2021 Campaign,2696984030,NAME124,Brooklyn,NY,USA,card,100.00,2021-11-20 0:06:07,https://www.google.com/,donation,Donation to The Unscripted Project,1
Unscripted Back to School 2021 Campaign,6708207418,NAME080,New York,NY,USA,card,250.00,2021-11-19 19:42:26,,donation,Donation to The Unscripted Project,1
Unscripted Back to School 2021 Campaign,4578505275,NAME076,Philadelphia,PA,USA,card,50.00,2021-11-19 15:58:14,,donation,Donation to The Unscripted Project,1
Unscripted Back to School 2021 Campaign,6380960802,NAME125,Ardmore,PA,USA,card,250.00,2021-11-19 4:06:12,,donation,Donation to The Unscripted Project,1
Unscripted Back to School 2021 Campaign,8141946443,NAME126,,,,paypal,20.00,2021-11-19 3:08:39,https://l.facebook.com/,donation,Donation to The Unscripted Project,1
Unscripted Back to School 2021 Campaign,1964746219,NAME127,New York,NY,USA,card,65.00,2021-11-18 5:12:06,https://www.instagram.com/linkshim/?u=https%3A%2F%2Fgivebutter.com%2Funscripted2021campaign&e=AT28jCJAcPLqs6N6_R-j3XHV81vqw6Y6oRHIGHk4zNVyIpNzHxd9FveG8O8CI84ooGqmmNsJhrsDnwgrvWQinhWeF_GHxEDUQYaWYdcOSyDQ6sOqEXFQ6nMeToCu,donation,Donation to The Unscripted Project,1
Unscripted Back to School 2021 Campaign,4933679135,NAME071,New York,NY,USA,cash,130.00,2021-11-17 21:01:23,https://dashboard.givebutter.com/,donation,Donation to The Unscripted Project,1
Unscripted Back to School 2021 Campaign,4681522949,NAME128,New York,NY,USA,card,250.00,2021-11-17 17:24:26,,donation,Donation to The Unscripted Project,1
Unscripted Back to School 2021 Campaign,4031886499,NAME068,New York,NY,USA,cash,150.00,2021-11-17 16:08:45,https://dashboard.givebutter.com/,donation,Donation to The Unscripted Project,1
Unscripted Back to School 2021 Campaign,2600924755,NAME129,Bethesda,MD,USA,cash,130.00,2021-11-17 16:03:47,https://dashboard.givebutter.com/,donation,Donation to The Unscripted Project,1
Unscripted Back to School 2021 Campaign,1585571086,NAME130,New York,NY,USA,cash,130.00,2021-11-17 15:58:52,https://dashboard.givebutter.com/,donation,Donation to The Unscripted Project,1
Unscripted Back to School 2021 Campaign,9770456446,NAME061,New York,NY,USA,cash,10.00,2021-11-17 15:57:20,https://dashboard.givebutter.com/,donation,Donation to The Unscripted Project,1
Unscripted Back to School 2021 Campaign,4411221752,NAME030,New York,NY,USA,card,250.00,2021-11-17 6:06:57,,donation,Donation to The Unscripted Project,1
Unscripted Back to School 2021 Campaign,5433639565,NAME056,New York,NY,USA,cash,250.00,2021-11-17 4:28:05,https://dashboard.givebutter.com/,donation,Donation to The Unscripted Project,1
Unscripted Back to School 2021 Campaign,8184274516,NAME131,Philadelphia,PA,USA,cash,50.00,2021-11-17 4:20:38,https://dashboard.givebutter.com/,donation,Donation to The Unscripted Project,1
Unscripted Back to School 2021 Campaign,8386128357,NAME132,San Francisco,CA,USA,cash,20.00,2021-11-17 4:18:42,https://dashboard.givebutter.com/,donation,Donation to The Unscripted Project,1
Unscripted Back to School 2021 Campaign,4244061509,NAME133,New York,NY,USA,cash,130.00,2021-11-16 18:44:33,https://dashboard.givebutter.com/,donation,Donation to The Unscripted Project,1
Unscripted Back to School 2021 Campaign,3195892579,NAME134,CAMBERWELL,VIC,AUS,card,250.00,2021-11-16 11:29:04,,donation,Donation to The Unscripted Project,1
Unscripted Back to School 2021 Campaign,1963226821,NAME025,New York,NY,USA,cash,130.00,2021-11-16 3:39:24,https://dashboard.givebutter.com/,donation,Donation to The Unscripted Project,1
Unscripted Back to School 2021 Campaign,9098638165,NAME064,New York,NY,USA,cash,250.00,2021-11-16 3:15:19,https://dashboard.givebutter.com/,donation,Donation to The Unscripted Project,1
Unscripted Back to School 2021 Campaign,6574675069,NAME135,New York,NY,USA,cash,250.00,2021-11-16 2:45:28,https://dashboard.givebutter.com/,donation,Donation to The Unscripted Project,1
Unscripted Back to School 2021 Campaign,1734668562,NAME136,New York,NY,USA,cash,"5,000.00",2021-11-16 1:36:23,https://dashboard.givebutter.com/,donation,Donation to The Unscripted Project,1
Donate to Unscripted,7004491129,NAME137,New York,NY,USA,card,130.00,2021-10-28 10:26:22,,donation,Donation to The Unscripted Project,1
Donate to Unscripted,4389708974,NAME042,New York,NY,USA,card,25.00,2021-09-24 19:44:55,,donation,Donation to The Unscripted Project,1
Donate to Unscripted,6578560302,NAME018,New York,NY,USA,card,25.00,2021-09-17 15:56:16,,donation,Donation to The Unscripted Project,1
Donate to Unscripted,3446892077,NAME236,Philadelphia,PA,USA,card,130.00,2021-06-08 14:18:21,,donation,Donation to The Unscripted Project,1
Donate to Unscripted,7667551885,NAME237,Havertown,PA,USA,venmo,25.00,2021-05-06 21:39:30,,donation,Donation to The Unscripted Project,1
The Unscripted Project Trivia Night,9248754400,NAME238,Harrisonburg,VA,USA,check,15.00,2021-05-02 23:05:42,,ticket,Trivia Night - Individual Ticket,1
The Unscripted Project Trivia Night,4265105693,NAME118,,,,venmo,15.00,2021-05-02 21:55:40,,ticket,Trivia Night - Individual Ticket,1
The Unscripted Project Trivia Night,7168943454,NAME239,New York,NY,USA,card,30.00,2021-05-02 21:55:36,,ticket,Support Unscripted,2
The Unscripted Project Trivia Night,7385460673,NAME240,,,,venmo,15.00,2021-05-02 21:24:49,,ticket,Support Unscripted,1
The Unscripted Project Trivia Night,6590453404,NAME241,,,,paypal,40.00,2021-05-02 18:27:52,,ticket,Trivia Night - Individual Ticket,2
The Unscripted Project Trivia Night,6590453404,NAME241,,,,paypal,40.00,2021-05-02 18:27:52,,donation,Donation to The Unscripted Project,1
The Unscripted Project Trivia Night,3684767223,NAME010,Secaucus,NJ,USA,digital_wallet,30.00,2021-05-02 18:21:44,,ticket,Trivia Night - Individual Ticket,2
The Unscripted Project Trivia Night,7818757726,NAME065,Brooklyn,NY,USA,card,25.00,2021-05-02 15:12:46,,ticket,Support Unscripted,1
The Unscripted Project Trivia Night,7818757726,NAME065,Brooklyn,NY,USA,card,25.00,2021-05-02 15:12:46,,donation,Donation to The Unscripted Project,1
The Unscripted Project Trivia Night,6465552030,NAME071,,,,paypal,30.00,2021-05-02 1:18:50,,ticket,Trivia Night - Individual Ticket,2
The Unscripted Project Trivia Night,5854694127,NAME242,,,,paypal,15.00,2021-05-02 0:37:04,,ticket,Trivia Night - Individual Ticket,1
The Unscripted Project Trivia Night,9076338082,NAME243,Hemlock,NY,USA,digital_wallet,45.00,2021-05-01 23:19:18,,ticket,Trivia Night - Individual Ticket,3
The Unscripted Project Trivia Night,7621222343,NAME244,,,,venmo,30.00,2021-05-01 17:11:40,,ticket,Trivia Night - Individual Ticket,2
The Unscripted Project Trivia Night,9649739126,NAME118,,,,venmo,15.00,2021-05-01 15:53:19,,ticket,Trivia Night - Individual Ticket,1
The Unscripted Project Trivia Night,8797367192,NAME245,Seattle,WA,USA,card,60.00,2021-04-29 22:02:50,,ticket,Trivia Night - Individual Ticket,4
The Unscripted Project Trivia Night,3621624704,NAME246,,,,paypal,45.00,2021-04-29 15:03:27,,ticket,Trivia Night - Individual Ticket,2
The Unscripted Project Trivia Night,3621624704,NAME246,,,,paypal,45.00,2021-04-29 15:03:27,,ticket,Support Unscripted,1
The Unscripted Project Trivia Night,5134511014,NAME030,San Ramon,CA,USA,card,30.00,2021-04-28 16:16:31,,ticket,Trivia Night - Individual Ticket,2
The Unscripted Project Trivia Night,4285751544,NAME247,New York,NY,USA,card,15.00,2021-04-28 16:13:47,,ticket,Trivia Night - Individual Ticket,1
The Unscripted Project Trivia Night,3509609054,NAME247,New York,NY,USA,card,30.00,2021-04-28 16:11:43,,ticket,Trivia Night - Individual Ticket,2
The Unscripted Project Trivia Night,5373175821,NAME248,NYC,NY,USA,card,15.00,2021-04-28 16:10:29,,ticket,Trivia Night - Individual Ticket,1
The Unscripted Project Trivia Night,5657058173,NAME100,New York,NY,USA,card,15.00,2021-04-28 15:51:54,,ticket,Trivia Night - Individual Ticket,1
The Unscripted Project Trivia Night,6061738370,NAME098,Philadelphia,PA,USA,digital_wallet,15.00,2021-04-28 2:33:54,,ticket,Trivia Night - Individual Ticket,1
The Unscripted Project Trivia Night,8707338598,NAME249,Pottstown,PA,USA,card,70.00,2021-04-28 0:27:39,,ticket,Trivia Night - Group Ticket (up to 5),1
The Unscripted Project Trivia Night,7321509502,NAME036,,,,venmo,15.00,2021-04-27 22:01:15,,ticket,Trivia Night - Individual Ticket,1
The Unscripted Project Trivia Night,3145843669,NAME250,,,,paypal,40.00,2021-04-27 20:55:49,,ticket,Trivia Night - Individual Ticket,2
The Unscripted Project Trivia Night,3145843669,NAME250,,,,paypal,40.00,2021-04-27 20:55:49,,donation,Donation to The Unscripted Project,1
The Unscripted Project Trivia Night,8861331238,NAME015,San Ramon,CA,USA,card,70.00,2021-04-26 23:40:25,,ticket,Trivia Night - Group Ticket (up to 5),1
The Unscripted Project Trivia Night,9630559288,NAME102,Washington,DC,USA,card,70.00,2021-04-26 12:38:14,,ticket,Trivia Night - Group Ticket (up to 5),1
The Unscripted Project Trivia Night,6936005364,NAME251,new york,NY,USA,card,15.00,2021-04-26 11:58:01,,ticket,Trivia Night - Individual Ticket,1
The Unscripted Project Trivia Night,8228026872,NAME064,,,USA,cash,70.00,2021-04-24 23:29:23,,ticket,Trivia Night - Group Ticket (up to 5),1
The Unscripted Project Trivia Night,6322511277,NAME056,New York,NY,USA,digital_wallet,30.00,2021-04-24 22:21:09,,ticket,Trivia Night - Individual Ticket,2
The Unscripted Project Trivia Night,8900419244,NAME252,washington,DC,USA,card,70.00,2021-04-22 15:14:37,,ticket,Trivia Night - Group Ticket (up to 5),1
Donate to Unscripted,6494264605,NAME004,,,,venmo,15.00,2021-03-10 1:37:53,,donation,Donation to The Unscripted Project,1
Donate to Unscripted,5978795641,NAME253,Kew Gardens,NY,USA,card,65.00,2021-03-02 4:15:46,,donation,Donation to The Unscripted Project,1
Donate to Unscripted,8135350103,NAME094,Kew Gardens,NY,USA,card,130.00,2021-03-02 3:53:28,,donation,Donation to The Unscripted Project,1
Unscripted 20/2020 Fall Campaign,5563447444,NAME254,Philadelphia,PA,USA,cash,27.00,2021-01-04 22:10:09,,donation,Donation to The Unscripted Project,1
Unscripted 20/2020 Fall Campaign,2457757462,NAME255,Philadelphia,PA,USA,cash,65.00,2020-12-23 15:44:26,,donation,Donation to The Unscripted Project,1
Unscripted 20/2020 Fall Campaign,7401298979,NAME256,Philadelphia,PA,USA,cash,130.00,2020-12-20 22:02:05,,donation,Donation to The Unscripted Project,1
Unscripted 20/2020 Fall Campaign,3637111332,NAME257,Philadelphia,PA,USA,cash,"5,319.00",2020-12-20 21:55:07,,donation,Donation to The Unscripted Project,1
Unscripted 20/2020 Fall Campaign,4411391662,NAME258,Los Angeles,CA,USA,paypal,130.00,2020-12-19 4:08:34,,donation,Donation to The Unscripted Project,1
Unscripted 20/2020 Fall Campaign,3312775905,NAME015,San Ramon,CA,USA,cash,25.00,2020-12-08 18:20:35,,donation,Donation to The Unscripted Project,1
Unscripted 20/2020 Fall Campaign,3637701330,NAME259,New York,NY,USA,card,100.00,2020-12-07 3:19:50,,donation,Donation to The Unscripted Project,1
Unscripted 20/2020 Fall Campaign,4787181932,NAME081,LANSDOWNE,PA,USA,paypal,130.00,2020-12-03 19:48:24,,donation,Donation to The Unscripted Project,1
Unscripted 20/2020 Fall Campaign,2666886574,NAME260,Elkins Park,PA,USA,paypal,25.00,2020-12-03 14:40:42,,donation,Donation to The Unscripted Project,1
Unscripted 20/2020 Fall Campaign,8910676494,NAME261,Mountainside,NJ,USA,card,25.00,2020-12-03 3:56:41,,donation,Donation to The Unscripted Project,1
Unscripted 20/2020 Fall Campaign,8998857805,NAME018,Philadelphia,PA,USA,cash,75.00,2020-12-03 2:39:50,,donation,Donation to The Unscripted Project,1
Unscripted 20/2020 Fall Campaign,7893683591,NAME262,Philadelphia,PA,USA,card,65.00,2020-12-03 2:35:15,,donation,Donation to The Unscripted Project,1
Unscripted 20/2020 Fall Campaign,1724231218,NAME063,Philadelphia,PA,USA,digital_wallet,30.00,2020-12-03 2:28:43,,donation,Donation to The Unscripted Project,1
Unscripted 20/2020 Fall Campaign,5435163714,NAME263,Tampa,FL,USA,card,25.00,2020-12-03 2:24:54,,donation,Donation to The Unscripted Project,1
Unscripted 20/2020 Fall Campaign,4989526331,NAME264,Ridgewood,NY,USA,card,10.00,2020-12-03 2:12:39,,donation,Donation to The Unscripted Project,1
Unscripted 20/2020 Fall Campaign,3159351196,NAME265,Melbourne,Victoria,AUS,paypal,50.00,2020-12-03 0:53:15,,donation,Donation to The Unscripted Project,1
Unscripted 20/2020 Fall Campaign,7565903964,NAME266,Philadelphia,PA,USA,venmo,100.00,2020-12-02 15:56:18,,donation,Donation to The Unscripted Project,1
Unscripted 20/2020 Fall Campaign,1237387410,NAME099,Bay Shore,NY,USA,paypal,25.00,2020-12-02 14:53:36,,donation,Donation to The Unscripted Project,1
Unscripted 20/2020 Fall Campaign,7187286522,NAME267,Gilbertsville,PA,USA,paypal,65.00,2020-12-01 23:21:23,,donation,Donation to The Unscripted Project,1
Unscripted 20/2020 Fall Campaign,8386406895,NAME268,New York,NY,USA,digital_wallet,100.00,2020-12-01 23:01:18,,donation,Donation to The Unscripted Project,1
Unscripted 20/2020 Fall Campaign,5276128037,NAME269,New York,NY,USA,digital_wallet,65.00,2020-12-01 22:57:11,,donation,Donation to The Unscripted Project,1
Unscripted 20/2020 Fall Campaign,7013634705,NAME270,New York,NY,USA,digital_wallet,25.00,2020-12-01 22:53:27,,donation,Donation to The Unscripted Project,1
Unscripted 20/2020 Fall Campaign,4687176717,NAME271,Philadelphia,PA,USA,paypal,25.00,2020-12-01 22:28:13,,donation,Donation to The Unscripted Project,1
Unscripted 20/2020 Fall Campaign,9773467142,NAME039,New York,NY,USA,venmo,65.00,2020-12-01 21:48:03,,donation,Donation to The Unscripted Project,1
Unscripted 20/2020 Fall Campaign,7707260349,NAME091,Dallas,TX,USA,cash,25.00,2020-12-01 5:30:00,,donation,Donation to The Unscripted Project,1
Unscripted 20/2020 Fall Campaign,7302287906,NAME272,New York,NY,USA,cash,10.00,2020-12-01 5:28:09,,donation,Donation to The Unscripted Project,1
Unscripted 20/2020 Fall Campaign,5845805762,NAME006,Philadelphia,PA,USA,cash,40.00,2020-11-30 18:01:33,,donation,Donation to The Unscripted Project,1
Unscripted 20/2020 Fall Campaign,8581571416,NAME273,Philadelphia,PA,USA,cash,50.00,2020-11-30 17:57:39,,donation,Donation to The Unscripted Project,1
Unscripted 20/2020 Fall Campaign,6493011077,NAME274,New York,NY,USA,cash,"2,000.00",2020-11-30 16:28:31,,donation,Donation to The Unscripted Project,1
Unscripted 20/2020 Fall Campaign,9177984927,NAME059,New York,NY,USA,cash,"2,000.00",2020-11-30 16:26:45,,donation,Donation to The Unscripted Project,1
Unscripted 20/2020 Fall Campaign,7609753779,NAME275,Philadelphia,PA,USA,cash,20.00,2020-11-30 16:24:40,,donation,Donation to The Unscripted Project,1
Unscripted 20/2020 Fall Campaign,2351628788,NAME276,San Ramon,CA,USA,cash,20.00,2020-11-30 16:16:55,,donation,Donation to The Unscripted Project,1
Unscripted 20/2020 Fall Campaign,7933419450,NAME277,Philadelphia,PA,USA,cash,5.00,2020-11-30 2:17:28,,donation,Donation to The Unscripted Project,1
Unscripted 20/2020 Fall Campaign,1254709270,NAME278,Philadelphia,PA,USA,cash,30.00,2020-11-30 1:46:52,,donation,Donation to The Unscripted Project,1
Unscripted 20/2020 Fall Campaign,8739481953,NAME040,Westfield,NJ,USA,cash,50.00,2020-11-30 1:45:50,,donation,Donation to The Unscripted Project,1
Unscripted 20/2020 Fall Campaign,3709940258,NAME279,placeholder,CA,USA,cash,20.00,2020-11-30 1:43:19,,donation,Donation to The Unscripted Project,1
Unscripted 20/2020 Fall Campaign,2787436199,NAME280,Pleasanton,CA,USA,card,50.00,2020-11-29 2:56:24,,donation,Donation to The Unscripted Project,1
Unscripted 20/2020 Fall Campaign,7809277405,NAME281,Tracy,CA,USA,card,130.00,2020-11-28 21:30:55,,donation,Donation to The Unscripted Project,1
Unscripted 20/2020 Fall Campaign,7045919861,NAME282,Warren,NJ,USA,digital_wallet,130.00,2020-11-27 15:58:47,,donation,Donation to The Unscripted Project,1
Unscripted 20/2020 Fall Campaign,1580420318,NAME120,San Ramon,CA,USA,card,130.00,2020-11-26 23:18:17,,donation,Donation to The Unscripted Project,1
Unscripted 20/2020 Fall Campaign,6569061964,NAME283,Grand Forks,ND,USA,paypal,25.00,2020-11-25 17:32:00,,donation,Donation to The Unscripted Project,1
Unscripted 20/2020 Fall Campaign,2266278226,NAME070,Philadelphia,PA,USA,card,20.00,2020-11-25 6:02:08,,donation,Donation to The Unscripted Project,1
Unscripted 20/2020 Fall Campaign,8318137628,NAME106,Dublin,CA,USA,digital_wallet,130.00,2020-11-25 0:16:26,,donation,Donation to The Unscripted Project,1
Unscripted 20/2020 Fall Campaign,3432846436,NAME284,New York,NY,USA,cash,35.00,2020-11-24 23:53:13,,donation,Donation to The Unscripted Project,1
Unscripted 20/2020 Fall Campaign,2842447079,NAME285,Danville,CA,USA,card,25.00,2020-11-24 22:05:13,,donation,Donation to The Unscripted Project,1
Unscripted 20/2020 Fall Campaign,7049645512,NAME286,Danville,CA,USA,cash,15.00,2020-11-24 20:26:32,,donation,Donation to The Unscripted Project,1
Unscripted 20/2020 Fall Campaign,9364713137,NAME287,Philadelphia,PA,USA,paypal,65.00,2020-11-24 19:41:02,,donation,Donation to The Unscripted Project,1
Unscripted 20/2020 Fall Campaign,6635497835,NAME075,Philadelphia,PA,USA,cash,20.00,2020-11-24 17:12:27,,donation,Donation to The Unscripted Project,1
Unscripted 20/2020 Fall Campaign,7116327982,NAME288,Wayne,PA,USA,paypal,65.00,2020-11-24 3:27:30,,donation,Donation to The Unscripted Project,1
Unscripted 20/2020 Fall Campaign,3712394948,NAME060,New York,NY,USA,cash,20.00,2020-11-24 3:23:09,,donation,Donation to The Unscripted Project,1
Unscripted 20/2020 Fall Campaign,1928292193,NAME289,Long Island,NY,USA,cash,20.00,2020-11-24 3:20:34,,donation,Donation to The Unscripted Project,1
Unscripted 20/2020 Fall Campaign,7786626369,NAME019,Philadelphia,PA,USA,cash,25.00,2020-11-24 3:18:14,,donation,Donation to The Unscripted Project,1
Unscripted 20/2020 Fall Campaign,3572352774,NAME003,New York,NY,USA,cash,25.00,2020-11-24 3:14:41,,donation,Donation to The Unscripted Project,1
Unscripted 20/2020 Fall Campaign,7725785687,NAME021,New York,NY,USA,cash,45.00,2020-11-24 3:11:36,,donation,Donation to The Unscripted Project,1
Unscripted 20/2020 Fall Campaign,8733356755,NAME014,New York,NY,USA,cash,50.00,2020-11-24 3:10:00,,donation,Donation to The Unscripted Project,1
Unscripted 20/2020 Fall Campaign,4344442825,NAME011,placeholder,MN,USA,cash,25.00,2020-11-24 3:08:13,,donation,Donation to The Unscripted Project,1
Unscripted 20/2020 Fall Campaign,7496873615,NAME012,San Ramon,CA,USA,cash,10.00,2020-11-24 3:04:36,,donation,Donation to The Unscripted Project,1
Unscripted 20/2020 Fall Campaign,8839198974,NAME290,Philadelphia,PA,USA,cash,20.00,2020-11-24 2:52:58,,donation,Donation to The Unscripted Project,1
Unscripted 20/2020 Fall Campaign,8762887230,NAME291,San Ramon,CA,USA,card,65.00,2020-11-23 7:50:41,,donation,Donation to The Unscripted Project,1
Unscripted 20/2020 Fall Campaign,7118277779,NAME114,Ny,NY,USA,digital_wallet,25.00,2020-11-23 5:12:38,,donation,Donation to The Unscripted Project,1
Unscripted 20/2020 Fall Campaign,2801254306,NAME292,Tracy,CA,USA,card,200.00,2020-11-23 3:59:41,,donation,Donation to The Unscripted Project,1
Unscripted 20/2020 Fall Campaign,3108938482,NAME293,Briarcliff Manor,NY,USA,card,100.00,2020-11-22 23:20:59,,donation,Donation to The Unscripted Project,1
Unscripted 20/2020 Fall Campaign,6381706985,NAME111,Glen Rock,NJ,USA,venmo,65.00,2020-11-22 15:43:03,,donation,Donation to The Unscripted Project,1
Unscripted 20/2020 Fall Campaign,9873884056,NAME294,Melbourne,VIC,AUS,card,35.00,2020-11-22 13:40:47,,donation,Donation to The Unscripted Project,1
Unscripted 20/2020 Fall Campaign,9081033366,NAME295,San Ramon,CA,USA,paypal,50.00,2020-11-21 8:51:23,,donation,Donation to The Unscripted Project,1
Unscripted 20/2020 Fall Campaign,2850881019,NAME090,New York,NY,USA,card,25.00,2020-11-21 2:56:54,,donation,Donation to The Unscripted Project,1
Unscripted 20/2020 Fall Campaign,5493600434,NAME080,New York,NY,USA,card,65.00,2020-11-20 23:39:03,,donation,Donation to The Unscripted Project,1
Unscripted 20/2020 Fall Campaign,9958781425,NAME089,Philadelphia,PA,USA,digital_wallet,65.00,2020-11-20 23:18:25,,donation,Donation to The Unscripted Project,1
Unscripted 20/2020 Fall Campaign,5754852162,NAME073,Saratoga,CA,USA,paypal,25.00,2020-11-20 23:17:50,,donation,Donation to The Unscripted Project,1
Unscripted 20/2020 Fall Campaign,6118834168,NAME296,San Ramon,CA,USA,cash,100.00,2020-11-20 23:03:11,,donation,Donation to The Unscripted Project,1
Unscripted 20/2020 Fall Campaign,3428328228,NAME086,Philadelphia,PA,USA,cash,25.00,2020-11-20 19:23:18,,donation,Donation to The Unscripted Project,1
Unscripted 20/2020 Fall Campaign,7712913944,NAME079,Haddonfield,NJ,USA,card,250.00,2020-11-20 14:23:28,,donation,Donation to The Unscripted Project,1
Unscripted 20/2020 Fall Campaign,9361960117,NAME062,Cheshire,CT,USA,card,20.00,2020-11-20 2:27:36,,donation,Donation to The Unscripted Project,1
Unscripted 20/2020 Fall Campaign,9035610907,NAME297,Hamburg,NY,USA,card,25.00,2020-11-20 0:32:11,,donation,Donation to The Unscripted Project,1
Unscripted 20/2020 Fall Campaign,3635003828,NAME298,Palos Verdes Estates,CA,USA,card,250.00,2020-11-19 23:11:12,,donation,Donation to The Unscripted Project,1
Unscripted 20/2020 Fall Campaign,3874639657,NAME299,Seattle,WA,USA,card,25.00,2020-11-19 21:09:05,,donation,Donation to The Unscripted Project,1
Unscripted 20/2020 Fall Campaign,3109308772,NAME300,Venice,CA,USA,paypal,65.00,2020-11-19 18:41:11,,donation,Donation to The Unscripted Project,1
Unscripted 20/2020 Fall Campaign,6529536273,NAME018,Philadelphia,PA,USA,cash,78.00,2020-11-19 17:25:11,,donation,Donation to The Unscripted Project,1
Unscripted 20/2020 Fall Campaign,9017459793,NAME301,Cupertino,CA,USA,cash,80.00,2020-11-19 16:55:48,,donation,Donation to The Unscripted Project,1
Unscripted 20/2020 Fall Campaign,1322010316,NAME121,San Ramon,CA,USA,cash,25.00,2020-11-19 16:52:01,,donation,Donation to The Unscripted Project,1
Unscripted 20/2020 Fall Campaign,3076138016,NAME126,Chalfont,PA,USA,card,25.00,2020-11-19 16:05:51,,donation,Donation to The Unscripted Project,1
Unscripted 20/2020 Fall Campaign,8773686517,NAME302,Hong Kong,Hong Kong,HKG,card,100.00,2020-11-19 14:21:00,,donation,Donation to The Unscripted Project,1
Unscripted 20/2020 Fall Campaign,6103977298,NAME127,Los Angeles,CA,USA,card,65.00,2020-11-19 14:11:49,,donation,Donation to The Unscripted Project,1
Unscripted 20/2020 Fall Campaign,3322081732,NAME303,Dublin,CA,USA,card,130.00,2020-11-19 6:18:43,,donation,Donation to The Unscripted Project,1
Unscripted 20/2020 Fall Campaign,2786332880,NAME304,Pleasanton,CA,USA,card,25.00,2020-11-19 5:32:48,,donation,Donation to The Unscripted Project,1
Unscripted 20/2020 Fall Campaign,7460487295,NAME305,Mt Waverley,VIC,AUS,digital_wallet,20.00,2020-11-19 4:32:13,,donation,Donation to The Unscripted Project,1
Unscripted 20/2020 Fall Campaign,8344170902,NAME306,Philadelphia,PA,USA,venmo,25.00,2020-11-19 3:09:03,,donation,Donation to The Unscripted Project,1
Unscripted 20/2020 Fall Campaign,8606451556,NAME307,New York,NY,USA,venmo,30.00,2020-11-19 2:53:28,,donation,Donation to The Unscripted Project,1
Unscripted 20/2020 Fall Campaign,1796186793,NAME308,West Chester,PA,USA,card,15.00,2020-11-19 2:30:24,,donation,Donation to The Unscripted Project,1
Unscripted 20/2020 Fall Campaign,2884903090,NAME309,San Ramon,CA,USA,paypal,25.00,2020-11-19 1:42:09,,donation,Donation to The Unscripted Project,1
Unscripted 20/2020 Fall Campaign,6180669466,NAME244,Philadelphia,PA,USA,cash,30.00,2020-11-19 1:35:19,,donation,Donation to The Unscripted Project,1
Unscripted 20/2020 Fall Campaign,4882235921,NAME067,New York,NY,USA,card,65.00,2020-11-19 0:54:53,,donation,Donation to The Unscripted Project,1
Unscripted 20/2020 Fall Campaign,9911545272,NAME310,Mendota Heights,MN,USA,venmo,125.00,2020-11-19 0:53:47,,donation,Donation to The Unscripted Project,1
Unscripted 20/2020 Fall Campaign,6245303897,NAME098,Philadelphia,PA,USA,card,65.00,2020-11-18 19:29:37,,donation,Donation to The Unscripted Project,1
Unscripted 20/2020 Fall Campaign,6082566432,NAME311,New York,NY,USA,digital_wallet,130.00,2020-11-18 19:27:13,,donation,Donation to The Unscripted Project,1
Unscripted 20/2020 Fall Campaign,2341067815,NAME312,Washington,DC,USA,card,130.00,2020-11-18 14:48:06,,donation,Donation to The Unscripted Project,1
Unscripted 20/2020 Fall Campaign,6649433612,NAME129,Philadelphia,PA,USA,cash,30.00,2020-11-18 14:46:06,,donation,Donation to The Unscripted Project,1
Unscripted 20/2020 Fall Campaign,4467946977,NAME072,New York,NY,USA,cash,50.00,2020-11-18 14:43:55,,donation,Donation to The Unscripted Project,1
Unscripted 20/2020 Fall Campaign,9776959710,NAME041,Philadelphia,PA,USA,cash,30.00,2020-11-18 2:57:31,,donation,Donation to The Unscripted Project,1
Unscripted 20/2020 Fall Campaign,9466674815,NAME313,New York City,NY,USA,venmo,66.00,2020-11-18 2:18:53,,donation,Donation to The Unscripted Project,1
Unscripted 20/2020 Fall Campaign,1675151042,NAME314,Little Bay,NSW,AUS,paypal,130.00,2020-11-17 22:01:35,,donation,Donation to The Unscripted Project,1
Unscripted 20/2020 Fall Campaign,1783985600,NAME010,PHILADELPHIA,PA,USA,cash,50.00,2020-11-17 19:40:09,,donation,Donation to The Unscripted Project,1
Unscripted 20/2020 Fall Campaign,2874696474,NAME066,shanghai,china,CHN,card,"1,950.00",2020-11-17 15:48:20,,donation,Donation to The Unscripted Project,1
Unscripted 20/2020 Fall Campaign,6851595585,NAME315,New york,NY,USA,card,5.00,2020-11-17 14:56:47,,donation,Donation to The Unscripted Project,1
Unscripted 20/2020 Fall Campaign,5867499208,NAME316,Brooklyn,NY,USA,paypal,10.00,2020-11-17 5:09:32,,donation,Donation to The Unscripted Project,1
Unscripted 20/2020 Fall Campaign,2831576969,NAME087,Philadelphia,PA,USA,cash,25.00,2020-11-17 3:32:31,,donation,Donation to The Unscripted Project,1
Unscripted 20/2020 Fall Campaign,2376146849,NAME317,Cherrybrook,NSW,AUS,digital_wallet,130.00,2020-11-17 2:50:16,,donation,Donation to The Unscripted Project,1
Unscripted 20/2020 Fall Campaign,6435269001,NAME076,Philadelphia,PA,USA,card,30.00,2020-11-16 21:24:27,,donation,Donation to The Unscripted Project,1
Unscripted 20/2020 Fall Campaign,8720605489,NAME018,Philadelphia,PA,USA,cash,"5,000.00",2020-11-16 19:49:39,,donation,Donation to The Unscripted Project,1
Unscripted 20/2020 Fall Campaign,8110568063,NAME318,El Dorado Hills,CA,USA,venmo,20.00,2020-11-16 2:19:12,,donation,Donation to The Unscripted Project,1
Unscripted 20/2020 Fall Campaign,1662833525,NAME319,philadelphia,PA,USA,cash,65.00,2020-11-16 1:50:15,,donation,Donation to The Unscripted Project,1
Unscripted 20/2020 Fall Campaign,3052555249,NAME320,Philadelphia,PA,USA,cash,60.00,2020-11-15 20:08:04,,donation,Donation to The Unscripted Project,1
Unscripted 20/2020 Fall Campaign,3091559417,NAME321,Philadelphia,PA,USA,cash,21.00,2020-11-15 20:06:25,,donation,Donation to The Unscripted Project,1
Unscripted 20/2020 Fall Campaign,6931612244,NAME101,Washington,DC,USA,card,65.00,2020-11-15 18:07:27,,donation,Donation to The Unscripted Project,1
Unscripted 20/2020 Fall Campaign,1635489209,NAME074,Pleasanton,CA,USA,card,130.00,2020-11-15 2:25:40,,donation,Donation to The Unscripted Project,1
Unscripted 20/2020 Fall Campaign,1594772440,NAME322,Paradise Valley,AZ,USA,card,25.00,2020-11-14 22:59:03,,donation,Donation to The Unscripted Project,1
Unscripted 20/2020 Fall Campaign,9394847561,NAME018,Philadelphia,PA,USA,cash,100.00,2020-11-14 0:02:23,,donation,Donation to The Unscripted Project,1
Unscripted 20/2020 Fall Campaign,6231221420,NAME323,Philadelphia,PA,USA,cash,25.00,2020-11-13 16:39:41,,donation,Donation to The Unscripted Project,1
Unscripted 20/2020 Fall Campaign,5143431480,NAME119,Fishers,IN,USA,card,25.00,2020-11-13 16:29:38,,donation,Donation to The Unscripted Project,1
Unscripted 20/2020 Fall Campaign,5786276417,NAME324,Pipersville,PA,USA,digital_wallet,25.00,2020-11-13 14:06:04,,donation,Donation to The Unscripted Project,1
Unscripted 20/2020 Fall Campaign,8158591660,NAME102,Basking Ridge,NJ,USA,venmo,50.00,2020-11-13 5:18:10,,donation,Donation to The Unscripted Project,1
Unscripted 20/2020 Fall Campaign,6280049625,NAME325,Manhasset,NY,USA,paypal,25.00,2020-11-12 17:40:36,,donation,Donation to The Unscripted Project,1
Unscripted 20/2020 Fall Campaign,8187927646,NAME082,Smyrna,GA,USA,paypal,25.00,2020-11-12 15:51:04,,donation,Donation to The Unscripted Project,1
Unscripted 20/2020 Fall Campaign,4477155876,NAME135,New York,NY,USA,cash,65.00,2020-11-12 15:36:22,,donation,Donation to The Unscripted Project,1
Unscripted 20/2020 Fall Campaign,6955327390,NAME326,Shanghai,Shanghai,CHN,card,250.00,2020-11-12 13:31:45,,donation,Donation to The Unscripted Project,1
Unscripted 20/2020 Fall Campaign,4097736839,NAME077,Mount Waverley,Victoria,AUS,card,65.00,2020-11-12 3:55:28,,donation,Donation to The Unscripted Project,1
Unscripted 20/2020 Fall Campaign,9125200747,NAME100,Tulsa,OK,USA,card,10.00,2020-11-12 2:55:50,,donation,Donation to The Unscripted Project,1
Unscripted 20/2020 Fall Campaign,7972770893,NAME068,New York,NY,USA,cash,65.00,2020-11-12 2:22:57,,donation,Donation to The Unscripted Project,1
Unscripted 20/2020 Fall Campaign,6011432335,NAME061,New York,NY,USA,cash,15.00,2020-11-12 2:20:22,,donation,Donation to The Unscripted Project,1
Unscripted 20/2020 Fall Campaign,9846756841,NAME036,Peachtree City,GA,USA,cash,50.00,2020-11-11 23:21:21,,donation,Donation to The Unscripted Project,1
Unscripted 20/2020 Fall Campaign,4527930446,NAME071,Tuxedo Park,NY,USA,cash,50.00,2020-11-11 23:19:39,,donation,Donation to The Unscripted Project,1
Unscripted 20/2020 Fall Campaign,9624090150,NAME097,New York,NY,USA,cash,130.00,2020-11-11 20:36:27,,donation,Donation to The Unscripted Project,1
Unscripted 20/2020 Fall Campaign,2663669605,NAME132,San Ramon,CA,USA,cash,25.00,2020-11-11 20:20:38,,donation,Donation to The Unscripted Project,1
Unscripted 20/2020 Fall Campaign,5806893350,NAME113,New York,NY,USA,cash,75.00,2020-11-11 19:56:58,,donation,Donation to The Unscripted Project,1
Unscripted 20/2020 Fall Campaign,3022574805,NAME056,New York,NY,USA,cash,250.00,2020-11-11 19:42:19,,donation,Donation to The Unscripted Project,1
Unscripted 20/2020 Fall Campaign,2227652014,NAME064,PHILADELPHIA,PA,USA,cash,151.00,2020-11-11 19:31:55,,donation,Donation to The Unscripted Project,1
Unscripted 20/2020 Fall Campaign,9933865580,NAME049,New York,NY,USA,cash,50.00,2020-11-11 19:24:19,,donation,Donation to The Unscripted Project,1
Unscripted 20/2020 Fall Campaign,8311492716,NAME030,New York,NY,USA,cash,100.00,2020-11-11 16:05:05,,donation,Donation to The Unscripted Project,1
Unscripted 20/2020 Fall Campaign,1741521949,NAME118,Providence,RI,USA,cash,50.00,2020-11-11 4:50:31,,donation,Donation to The Unscripted Project,1
Unscripted 20/2020 Fall Campaign,4477872863,NAME096,Davis,CA,USA,cash,25.00,2020-11-11 4:37:53,,donation,Donation to The Unscripted Project,1
Unscripted 20/2020 Fall Campaign,5782604002,NAME327,PHILADELPHIA,PA,USA,cash,150.00,2020-11-11 4:05:53,,donation,Donation to The Unscripted Project,1
Unscripted 20/2020 Fall Campaign,8950045465,NAME131,Philadelphia,PA,USA,cash,65.00,2020-11-11 4:02:51,,donation,Donation to The Unscripted Project,1
Unscripted 20/2020 Fall Campaign,2673682894,NAME058,Philadelphia,PA,USA,cash,65.00,2020-11-11 3:58:27,,donation,Donation to The Unscripted Project,1
Unscripted 20/2020 Fall Campaign,8732851217,NAME059,Pleasanton,CA,USA,digital_wallet,130.00,2020-11-11 3:29:22,,donation,Donation to The Unscripted Project,1