campaign,reference#,donorID,state,country,method,amount,donation_time,subtype,description,quantity
Donate to Unscripted,7043548105,NAME001,NY,USA,check,5.00,2022-01-12 3:58:39,donation,Donation to The Unscripted Project,1
Unscripted Back to School 2021 Campaign,9247396696,NAME003,,,venmo,"1,000.00",2022-01-11 20:33:54,donation,Donation to The Unscripted Project,1
Unscripted Back to School 2021 Campaign,4595351851,NAME004,,,paypal,10.00,2022-01-10 16:50:57,donation,Donation to The Unscripted Project,1
Unscripted Back to School 2021 Campaign,5975702880,NAME005,NY,USA,cash,200.00,2022-01-03 2:13:19,donation,Donation to The Unscripted Project,1
Unscripted Back to School 2021 Campaign,1221321935,NAME006,NJ,USA,card,25.00,2022-01-01 16:44:50,donation,Donation to The Unscripted Project,1
Unscripted Back to School 2021 Campaign,5567830203,NAME007,NJ,USA,card,65.00,2021-12-28 16:46:11,donation,Donation to The Unscripted Project,1
Unscripted Back to School 2021 Campaign,7426484717,NAME008,MD,USA,card,65.00,2021-12-23 17:11:35,donation,Donation to The Unscripted Project,1
Unscripted Back to School 2021 Campaign,7389162189,NAME009,,USA,cash,"1,755.00",2021-12-21 0:41:26,donation,Donation to The Unscripted Project,1
Unscripted Back to School 2021 Campaign,4926268071,NAME010,NJ,USA,digital_wallet,50.00,2021-12-20 7:34:09,donation,Donation to The Unscripted Project,1
Unscripted Back to School 2021 Campaign,3417487657,NAME011,MN,USA,digital_wallet,25.00,2021-12-19 16:02:18,donation,Donation to The Unscripted Project,1
Unscripted Back to School 2021 Campaign,2740642599,NAME012,CA,USA,digital_wallet,25.00,2021-12-19 4:12:15,donation,Donation to The Unscripted Project,1
Unscripted Back to School 2021 Campaign,5718259132,NAME013,NY,USA,digital_wallet,50.00,2021-12-15 18:07:21,donation,Donation to The Unscripted Project,1
Unscripted Back to School 2021 Campaign,4920849567,NAME014,NY,USA,digital_wallet,65.00,2021-12-14 3:32:27,donation,Donation to The Unscripted Project,1
Unscripted Back to School 2021 Campaign,6837814944,NAME015,CA,USA,digital_wallet,65.00,2021-12-13 21:37:50,donation,Donation to The Unscripted Project,1
Unscripted Back to School 2021 Campaign,6059205385,NAME016,AK,USA,card,"1,000.00",2021-12-13 1:27:59,donation,Donation to The Unscripted Project,1
Unscripted 2021 Fundraiser Wrap Party,5828006400,NAME017,NY,USA,cash,80.00,2021-12-12 23:48:22,donation,Donation to The Unscripted Project,1
Unscripted 2021 Fundraiser Wrap Party,7063090582,NAME018,NY,USA,cash,210.00,2021-12-12 21:09:51,donation,Donation to The Unscripted Project,1
Unscripted 2021 Fundraiser Wrap Party,6492279577,NAME019,PA,USA,card,25.00,2021-12-12 13:52:29,donation,Donation to The Unscripted Project,1
Unscripted Back to School 2021 Campaign,1280694476,NAME020,MD,USA,card,65.00,2021-12-12 7:39:52,donation,Donation to The Unscripted Project,1
Unscripted Back to School 2021 Campaign,7467629840,NAME021,PA,USA,digital_wallet,65.00,2021-12-12 6:31:13,donation,Donation to The Unscripted Project,1
Unscripted Back to School 2021 Campaign,5333254275,NAME022,NY,USA,card,65.00,2021-12-12 2:37:00,donation,Donation to The Unscripted Project,1
Unscripted Back to School 2021 Campaign,2168201442,NAME023,NY,USA,card,25.00,2021-12-12 2:15:22,donation,Donation to The Unscripted Project,1
Unscripted 2021 Fundraiser Wrap Party,7610938017,NAME024,NY,USA,card,60.00,2021-12-12 1:59:36,ticket,General Admission,1
Unscripted 2021 Fundraiser Wrap Party,7610938017,NAME024,NY,USA,card,60.00,2021-12-12 1:59:36,donation,Donation to The Unscripted Project,1
Unscripted 2021 Fundraiser Wrap Party,2103571114,NAME025,NY,USA,card,35.00,2021-12-12 1:30:14,ticket,General Admission,1
Unscripted 2021 Fundraiser Wrap Party,8278015092,NAME026,,,,0.00,2021-12-11 23:49:12,ticket,General Admission (unscriptedVIP - 100.00% OFF),1
Unscripted 2021 Fundraiser Wrap Party,2397933706,NAME025,NY,USA,card,70.00,2021-12-11 23:37:44,ticket,General Admission,2
Unscripted 2021 Fundraiser Wrap Party,9616696606,NAME027,NY,USA,digital_wallet,35.00,2021-12-11 22:30:27,ticket,General Admission,1
Unscripted 2021 Fundraiser Wrap Party,4617191273,NAME028,,,venmo,35.00,2021-12-11 22:29:40,ticket,General Admission,1
Unscripted 2021 Fundraiser Wrap Party,7909876183,NAME029,,,venmo,25.00,2021-12-11 22:15:01,donation,Donation to The Unscripted Project,1
Unscripted 2021 Fundraiser Wrap Party,4312216838,NAME030,,,,0.00,2021-12-11 21:21:01,ticket,General Admission (unscriptedVIP - 100.00% OFF),2
Unscripted 2021 Fundraiser Wrap Party,2694897001,NAME031,TX,USA,digital_wallet,70.00,2021-12-11 19:20:08,ticket,General Admission,2
Unscripted 2021 Fundraiser Wrap Party,1023708533,NAME032,NY,USA,digital_wallet,35.00,2021-12-11 19:11:30,ticket,General Admission,1
Unscripted 2021 Fundraiser Wrap Party,6846914334,NAME033,NY,USA,card,105.00,2021-12-11 18:58:20,ticket,General Admission,3
Unscripted 2021 Fundraiser Wrap Party,5715223335,NAME034,,,paypal,35.00,2021-12-11 18:09:58,ticket,General Admission,1
Unscripted 2021 Fundraiser Wrap Party,8742788403,NAME035,,,paypal,35.00,2021-12-11 18:07:55,ticket,General Admission,1
Unscripted 2021 Fundraiser Wrap Party,2795747533,NAME036,NY,USA,card,35.00,2021-12-11 13:37:21,ticket,General Admission,1
Donate to Unscripted,1471925346,NAME037,NY,USA,card,5.00,2021-12-11 4:17:04,donation,Donation to The Unscripted Project,1
Unscripted 2021 Fundraiser Wrap Party,4556574927,NAME025,NY,USA,card,35.00,2021-12-10 20:26:15,ticket,General Admission,1
Unscripted 2021 Fundraiser Wrap Party,7540909812,NAME038,,,,0.00,2021-12-10 16:41:18,ticket,General Admission (unscriptedVIP - 100.00% OFF),1
Unscripted 2021 Fundraiser Wrap Party,6124450298,NAME039,,,,0.00,2021-12-10 13:16:24,ticket,General Admission (unscriptedVIP - 100.00% OFF),1
Unscripted Back to School 2021 Campaign,6829157408,NAME040,CA,USA,card,130.00,2021-12-10 9:44:08,donation,Donation to The Unscripted Project,1
Unscripted 2021 Fundraiser Wrap Party,6689414972,NAME041,NY,USA,card,60.00,2021-12-10 5:56:17,ticket,General Admission,1
Unscripted 2021 Fundraiser Wrap Party,6689414972,NAME041,NY,USA,card,60.00,2021-12-10 5:56:17,donation,Donation to The Unscripted Project,1
Unscripted 2021 Fundraiser Wrap Party,3633407882,NAME042,MI,USA,digital_wallet,35.00,2021-12-10 3:46:52,ticket,General Admission,1
Unscripted 2021 Fundraiser Wrap Party,6234693919,NAME043,NJ,USA,card,35.00,2021-12-10 1:31:08,ticket,General Admission,1
Unscripted 2021 Fundraiser Wrap Party,2559382482,NAME044,NY,USA,card,70.00,2021-12-10 1:03:21,ticket,General Admission,2
Unscripted 2021 Fundraiser Wrap Party,6427937278,NAME045,,,venmo,35.00,2021-12-10 0:34:54,ticket,General Admission,1
Unscripted 2021 Fundraiser Wrap Party,8234540176,NAME046,NJ,USA,digital_wallet,35.00,2021-12-10 0:03:51,ticket,General Admission,1
Unscripted Back to School 2021 Campaign,4653009187,NAME047,,,paypal,65.00,2021-12-09 22:40:09,donation,Donation to The Unscripted Project,1
Unscripted Back to School 2021 Campaign,9212649192,NAME048,NY,USA,card,500.00,2021-12-09 21:52:31,donation,Donation to The Unscripted Project,1
Unscripted 2021 Fundraiser Wrap Party,6785970539,NAME049,PA,USA,card,35.00,2021-12-09 17:38:22,ticket,General Admission,1
Unscripted Back to School 2021 Campaign,4786136433,NAME050,NJ,USA,card,65.00,2021-12-09 14:44:05,donation,Donation to The Unscripted Project,1
Unscripted Back to School 2021 Campaign,5507701184,NAME051,PA,USA,card,130.00,2021-12-09 3:36:59,donation,Donation to The Unscripted Project,1
Unscripted Back to School 2021 Campaign,1868573135,NAME052,NY,USA,card,65.00,2021-12-09 3:19:19,donation,Donation to The Unscripted Project,1
Unscripted 2021 Fundraiser Wrap Party,3157587527,NAME053,VA,USA,card,35.00,2021-12-09 2:58:56,ticket,General Admission,1
Unscripted Back to School 2021 Campaign,3781199559,NAME054,NY,USA,card,65.00,2021-12-09 0:08:38,donation,Donation to The Unscripted Project,1
Unscripted Back to School 2021 Campaign,5509858078,NAME055,NY,USA,card,99.00,2021-12-08 19:47:36,donation,Donation to The Unscripted Project,1
Unscripted 2021 Fundraiser Wrap Party,3436489027,NAME056,NY,USA,digital_wallet,70.00,2021-12-08 4:09:30,ticket,General Admission,2
Unscripted Back to School 2021 Campaign,1599422019,NAME057,NY,USA,digital_wallet,50.00,2021-12-08 4:07:38,donation,Donation to The Unscripted Project,1
Unscripted 2021 Fundraiser Wrap Party,9841080878,NAME056,,,,0.00,2021-12-08 4:00:38,ticket,General Admission (unscriptedVIP - 100.00% OFF),2
Unscripted 2021 Fundraiser Wrap Party,6622934690,NAME058,,,,0.00,2021-12-08 3:50:36,ticket,General Admission (unscriptedVIP - 100.00% OFF),1
Unscripted 2021 Fundraiser Wrap Party,7026018107,NAME059,,,,0.00,2021-12-08 3:49:27,ticket,General Admission (unscriptedVIP - 100.00% OFF),2
Unscripted 2021 Fundraiser Wrap Party,2032711239,NAME025,NY,USA,card,35.00,2021-12-08 3:42:31,ticket,General Admission,1
Unscripted 2021 Fundraiser Wrap Party,2312044604,NAME060,NY,USA,digital_wallet,35.00,2021-12-08 2:21:45,ticket,General Admission,1
Unscripted 2021 Fundraiser Wrap Party,6266598512,NAME061,CA,USA,card,35.00,2021-12-07 19:47:37,ticket,General Admission,1
Unscripted 2021 Fundraiser Wrap Party,4685262281,NAME062,CT,USA,card,35.00,2021-12-07 4:31:47,ticket,General Admission,1
Unscripted 2021 Fundraiser Wrap Party,3817152358,NAME063,PA,USA,card,35.00,2021-12-07 4:01:51,ticket,General Admission,1
Unscripted 2021 Fundraiser Wrap Party,1920449512,NAME064,,,,0.00,2021-12-06 15:38:51,ticket,General Admission (unscriptedVIP - 100.00% OFF),1
Unscripted 2021 Fundraiser Wrap Party,8343582407,NAME065,,,,0.00,2021-12-06 14:38:02,ticket,General Admission (unscriptedVIP - 100.00% OFF),1
Unscripted Back to School 2021 Campaign,2592243392,NAME066,,CHN,card,"2,000.00",2021-12-06 14:11:00,donation,Donation to The Unscripted Project,1
Unscripted 2021 Fundraiser Wrap Party,5211788734,NAME067,NY,USA,card,35.00,2021-12-06 1:41:12,ticket,General Admission,1
Unscripted 2021 Fundraiser Wrap Party,6126226983,NAME068,,,,0.00,2021-12-06 1:22:12,ticket,General Admission (unscriptedVIP - 100.00% OFF),1
Unscripted 2021 Fundraiser Wrap Party,2165045243,NAME069,NY,USA,card,35.00,2021-12-06 1:16:04,ticket,General Admission,1
Unscripted Back to School 2021 Campaign,3423871528,NAME070,PA,USA,card,25.00,2021-12-05 3:01:13,donation,Donation to The Unscripted Project,1
Unscripted 2021 Fundraiser Wrap Party,6750790911,NAME036,NY,USA,card,35.00,2021-12-04 12:52:22,ticket,General Admission,1
Unscripted 2021 Fundraiser Wrap Party,6880455112,NAME071,,,paypal,35.00,2021-12-03 20:52:41,ticket,General Admission,1
Unscripted Back to School 2021 Campaign,4307473145,NAME072,NY,USA,cash,80.00,2021-12-03 20:22:39,donation,Donation to The Unscripted Project,1
Unscripted Back to School 2021 Campaign,9101239161,NAME073,,USA,cash,75.00,2021-12-03 20:18:18,donation,Donation to The Unscripted Project,1
Unscripted Back to School 2021 Campaign,2079897651,NAME074,CA,USA,card,130.00,2021-12-03 18:57:12,donation,Donation to The Unscripted Project,1
Unscripted Back to School 2021 Campaign,1411436610,NAME075,DC,USA,card,15.00,2021-12-03 16:09:27,donation,Donation to The Unscripted Project,1
Unscripted 2021 Fundraiser Wrap Party,3130299345,NAME076,PA,USA,card,35.00,2021-12-03 15:07:33,ticket,General Admission,1
Unscripted Back to School 2021 Campaign,9891636600,NAME077,,,paypal,65.00,2021-12-03 9:47:15,donation,Donation to The Unscripted Project,1
Unscripted Back to School 2021 Campaign,8194871194,NAME078,London,GBR,card,130.00,2021-12-02 20:35:24,donation,Donation to The Unscripted Project,1
Unscripted Back to School 2021 Campaign,7693462224,NAME078,London,GBR,card,130.00,2021-12-02 19:38:43,donation,Donation to The Unscripted Project,1
Unscripted Back to School 2021 Campaign,9327853958,NAME079,NJ,USA,card,"1,000.00",2021-12-02 15:22:10,donation,Donation to The Unscripted Project,1
Unscripted Back to School 2021 Campaign,4009943561,NAME049,PA,USA,card,25.00,2021-12-01 20:42:46,donation,Donation to The Unscripted Project,1
Unscripted 2021 Fundraiser Wrap Party,8299135130,NAME080,,,,0.00,2021-12-01 18:09:28,ticket,General Admission (unscriptedVIP - 100.00% OFF),1
Unscripted Back to School 2021 Campaign,4670665014,NAME081,PA,USA,card,130.00,2021-12-01 16:50:05,donation,Donation to The Unscripted Project,1
Unscripted Back to School 2021 Campaign,6036951451,NAME082,GA,USA,card,130.00,2021-12-01 15:44:03,donation,Donation to The Unscripted Project,1
Unscripted Back to School 2021 Campaign,7343330490,NAME083,,,paypal,130.00,2021-12-01 13:28:40,donation,Donation to The Unscripted Project,1
Unscripted Back to School 2021 Campaign,7025417650,NAME084,CA,USA,digital_wallet,100.00,2021-12-01 3:32:03,donation,Donation to The Unscripted Project,1
Unscripted Back to School 2021 Campaign,9720462138,NAME026,NY,USA,cash,150.00,2021-12-01 3:28:51,donation,Donation to The Unscripted Project,1
Unscripted Back to School 2021 Campaign,7124530946,NAME085,NY,USA,cash,50.00,2021-12-01 3:27:28,donation,Donation to The Unscripted Project,1
Unscripted Back to School 2021 Campaign,2102964066,NAME086,NY,USA,cash,25.00,2021-12-01 3:25:31,donation,Donation to The Unscripted Project,1
Unscripted Back to School 2021 Campaign,9070417062,NAME087,NY,USA,cash,20.00,2021-12-01 3:24:07,donation,Donation to The Unscripted Project,1
Unscripted Back to School 2021 Campaign,1016117627,NAME088,CA,USA,cash,30.00,2021-12-01 3:21:47,donation,Donation to The Unscripted Project,1
Unscripted Back to School 2021 Campaign,4656718283,NAME089,NY,USA,digital_wallet,65.00,2021-12-01 0:39:47,donation,Donation to The Unscripted Project,1
Unscripted Back to School 2021 Campaign,1433414582,NAME090,NY,USA,cash,20.00,2021-11-30 23:54:37,donation,Donation to The Unscripted Project,1
Unscripted Back to School 2021 Campaign,7379000144,NAME091,,,venmo,25.00,2021-11-30 23:45:01,donation,Donation to The Unscripted Project,1
Unscripted Back to School 2021 Campaign,3353289005,NAME092,DE,USA,card,"5,000.00",2021-11-30 21:56:09,donation,Donation to The Unscripted Project,1
Unscripted Back to School 2021 Campaign,3547291411,NAME062,CT,USA,card,15.00,2021-11-30 20:43:34,donation,Donation to The Unscripted Project,1
Unscripted Back to School 2021 Campaign,8311147476,NAME036,NY,USA,cash,70.00,2021-11-30 20:04:08,donation,Donation to The Unscripted Project,1
Unscripted Back to School 2021 Campaign,7737418669,NAME093,,USA,cash,5.00,2021-11-30 20:02:27,donation,Donation to The Unscripted Project,1
Unscripted Back to School 2021 Campaign,2472425352,NAME059,,USA,check,"5,000.00",2021-11-30 19:44:42,donation,Donation to The Unscripted Project,1
Unscripted Back to School 2021 Campaign,1948310188,NAME094,NY,USA,card,130.00,2021-11-30 17:51:16,donation,Donation to The Unscripted Project,1
Unscripted Back to School 2021 Campaign,1796853854,NAME095,NY,USA,cash,100.00,2021-11-30 17:00:27,donation,Donation to The Unscripted Project,1
Unscripted Back to School 2021 Campaign,3884419999,NAME096,CA,USA,cash,25.00,2021-11-30 16:58:08,donation,Donation to The Unscripted Project,1
Unscripted Back to School 2021 Campaign,3959632918,NAME065,NY,USA,cash,65.00,2021-11-30 16:55:53,donation,Donation to The Unscripted Project,1
Unscripted Back to School 2021 Campaign,7679863054,NAME097,NY,USA,cash,30.00,2021-11-30 16:54:00,donation,Donation to The Unscripted Project,1
Unscripted Back to School 2021 Campaign,5645247109,NAME044,NY,USA,card,25.00,2021-11-30 1:19:11,donation,Donation to The Unscripted Project,1
Unscripted 2021 Fundraiser Wrap Party,9776143837,NAME098,PA,USA,card,35.00,2021-11-30 1:16:13,ticket,General Admission,1
Unscripted Back to School 2021 Campaign,2598622326,NAME099,PA,USA,card,25.00,2021-11-28 22:46:59,donation,Donation to The Unscripted Project,1
Unscripted Back to School 2021 Campaign,1864395109,NAME100,NY,USA,card,10.00,2021-11-28 22:21:50,donation,Donation to The Unscripted Project,1
Unscripted Back to School 2021 Campaign,7073467948,NAME101,DC,USA,card,65.00,2021-11-28 1:56:05,donation,Donation to The Unscripted Project,1
Unscripted Back to School 2021 Campaign,1292329470,NAME102,DC,USA,card,25.00,2021-11-27 1:47:09,donation,Donation to The Unscripted Project,1
Unscripted Back to School 2021 Campaign,8202409990,NAME067,,USA,cash,65.00,2021-11-26 5:46:55,donation,Donation to The Unscripted Project,1
Unscripted Back to School 2021 Campaign,4504201217,NAME069,NY,USA,cash,65.00,2021-11-26 5:42:53,donation,Donation to The Unscripted Project,1
Unscripted Back to School 2021 Campaign,8693400804,NAME103,NY,USA,cash,50.00,2021-11-26 5:41:22,donation,Donation to The Unscripted Project,1
Unscripted Back to School 2021 Campaign,4760041322,NAME104,England,GBR,digital_wallet,20.00,2021-11-26 2:06:57,donation,Donation to The Unscripted Project,1
Unscripted Back to School 2021 Campaign,7394067501,NAME105,NY,USA,card,65.00,2021-11-26 0:57:40,donation,Donation to The Unscripted Project,1
Unscripted Back to School 2021 Campaign,9824878752,NAME106,,,ach,500.00,2021-12-02 1:33:10,donation,Donation to The Unscripted Project,1
Unscripted Back to School 2021 Campaign,5087713954,NAME003,NY,USA,card,65.00,2021-11-25 4:13:34,donation,Donation to The Unscripted Project,1
Unscripted Back to School 2021 Campaign,6763857555,NAME039,NY,USA,card,130.00,2021-11-25 2:20:36,donation,Donation to The Unscripted Project,1
Unscripted Back to School 2021 Campaign,2196407877,NAME107,,,venmo,130.00,2021-11-24 21:07:53,donation,Donation to The Unscripted Project,1
Unscripted Back to School 2021 Campaign,1598443647,NAME108,NY,USA,cash,25.00,2021-11-24 18:31:22,donation,Donation to The Unscripted Project,1
Unscripted Back to School 2021 Campaign,5169190882,NAME109,MD,USA,card,25.00,2021-11-24 18:21:10,donation,Donation to The Unscripted Project,1
Unscripted Back to School 2021 Campaign,8316843540,NAME110,MA,USA,card,25.00,2021-11-24 16:01:19,donation,Donation to The Unscripted Project,1
Unscripted Back to School 2021 Campaign,9573845294,NAME111,NJ,USA,digital_wallet,25.00,2021-11-24 15:51:53,donation,Donation to The Unscripted Project,1
Unscripted Back to School 2021 Campaign,3646134513,NAME112,FL,USA,digital_wallet,25.00,2021-11-24 15:15:02,donation,Donation to The Unscripted Project,1
Unscripted Back to School 2021 Campaign,2117816025,NAME113,NY,USA,cash,100.00,2021-11-24 14:59:25,donation,Donation to The Unscripted Project,1
Unscripted Back to School 2021 Campaign,6277368798,NAME114,NY,USA,digital_wallet,50.00,2021-11-24 13:53:47,donation,Donation to The Unscripted Project,1
Unscripted Back to School 2021 Campaign,2562655948,NAME115,NC,USA,card,15.00,2021-11-24 12:27:42,donation,Donation to The Unscripted Project,1
Unscripted Back to School 2021 Campaign,6976850875,NAME116,TX,USA,card,130.00,2021-11-24 4:55:31,donation,Donation to The Unscripted Project,1
Unscripted Back to School 2021 Campaign,6228803151,NAME019,PA,USA,card,25.00,2021-11-24 4:28:46,donation,Donation to The Unscripted Project,1
Unscripted Back to School 2021 Campaign,1794453363,NAME117,NJ,USA,digital_wallet,25.00,2021-11-24 3:09:48,donation,Donation to The Unscripted Project,1
Unscripted Back to School 2021 Campaign,6915201278,NAME118,,USA,cash,20.00,2021-11-23 20:10:54,donation,Donation to The Unscripted Project,1
Unscripted Back to School 2021 Campaign,6590636162,NAME119,INDIANA,USA,digital_wallet,25.00,2021-11-23 2:27:37,donation,Donation to The Unscripted Project,1
Unscripted Back to School 2021 Campaign,1654539563,NAME120,CA,USA,card,130.00,2021-11-23 2:16:55,donation,Donation to The Unscripted Project,1
Unscripted Back to School 2021 Campaign,8015674321,NAME121,,USA,cash,65.00,2021-11-23 1:35:33,donation,Donation to The Unscripted Project,1
Unscripted Back to School 2021 Campaign,9209403724,NAME017,,USA,cash,"1,250.00",2021-11-21 22:26:44,donation,Donation to The Unscripted Project,1
Unscripted Back to School 2021 Campaign,9621215368,NAME018,NY,USA,cash,"1,250.00",2021-11-21 22:10:38,donation,Donation to The Unscripted Project,1
Unscripted 2021 Fundraiser Wrap Party,2294544790,NAME122,NY,USA,digital_wallet,35.00,2021-11-21 21:20:25,ticket,General Admission,1
Unscripted Back to School 2021 Campaign,8744429787,NAME063,PA,USA,card,750.00,2021-11-21 16:34:39,donation,Donation to The Unscripted Project,1
Unscripted Back to School 2021 Campaign,9604981436,NAME123,ON,CAN,digital_wallet,50.00,2021-11-20 15:00:20,donation,Donation to The Unscripted Project,1
Unscripted Back to School 2021 Campaign,2696984030,NAME124,NY,USA,card,100.00,2021-11-20 0:06:07,donation,Donation to The Unscripted Project,1
Unscripted Back to School 2021 Campaign,6708207418,NAME080,NY,USA,card,250.00,2021-11-19 19:42:26,donation,Donation to The Unscripted Project,1
Unscripted Back to School 2021 Campaign,4578505275,NAME076,PA,USA,card,50.00,2021-11-19 15:58:14,donation,Donation to The Unscripted Project,1
Unscripted Back to School 2021 Campaign,6380960802,NAME125,PA,USA,card,250.00,2021-11-19 4:06:12,donation,Donation to The Unscripted Project,1
Unscripted Back to School 2021 Campaign,8141946443,NAME126,,,paypal,20.00,2021-11-19 3:08:39,donation,Donation to The Unscripted Project,1
Unscripted Back to School 2021 Campaign,1964746219,NAME127,NY,USA,card,65.00,2021-11-18 5:12:06,donation,Donation to The Unscripted Project,1
Unscripted Back to School 2021 Campaign,4933679135,NAME071,NY,USA,cash,130.00,2021-11-17 21:01:23,donation,Donation to The Unscripted Project,1
Unscripted Back to School 2021 Campaign,4681522949,NAME128,NY,USA,card,250.00,2021-11-17 17:24:26,donation,Donation to The Unscripted Project,1
Unscripted Back to School 2021 Campaign,4031886499,NAME068,NY,USA,cash,150.00,2021-11-17 16:08:45,donation,Donation to The Unscripted Project,1
Unscripted Back to School 2021 Campaign,2600924755,NAME129,MD,USA,cash,130.00,2021-11-17 16:03:47,donation,Donation to The Unscripted Project,1
Unscripted Back to School 2021 Campaign,1585571086,NAME130,NY,USA,cash,130.00,2021-11-17 15:58:52,donation,Donation to The Unscripted Project,1
Unscripted Back to School 2021 Campaign,9770456446,NAME061,NY,USA,cash,10.00,2021-11-17 15:57:20,donation,Donation to The Unscripted Project,1
Unscripted Back to School 2021 Campaign,4411221752,NAME030,NY,USA,card,250.00,2021-11-17 6:06:57,donation,Donation to The Unscripted Project,1
Unscripted Back to School 2021 Campaign,5433639565,NAME056,NY,USA,cash,250.00,2021-11-17 4:28:05,donation,Donation to The Unscripted Project,1
Unscripted Back to School 2021 Campaign,8184274516,NAME131,PA,USA,cash,50.00,2021-11-17 4:20:38,donation,Donation to The Unscripted Project,1
Unscripted Back to School 2021 Campaign,8386128357,NAME132,CA,USA,cash,20.00,2021-11-17 4:18:42,donation,Donation to The Unscripted Project,1
Unscripted Back to School 2021 Campaign,4244061509,NAME133,NY,USA,cash,130.00,2021-11-16 18:44:33,donation,Donation to The Unscripted Project,1
Unscripted Back to School 2021 Campaign,3195892579,NAME134,VIC,AUS,card,250.00,2021-11-16 11:29:04,donation,Donation to The Unscripted Project,1
Unscripted Back to School 2021 Campaign,1963226821,NAME025,NY,USA,cash,130.00,2021-11-16 3:39:24,donation,Donation to The Unscripted Project,1
Unscripted Back to School 2021 Campaign,9098638165,NAME064,NY,USA,cash,250.00,2021-11-16 3:15:19,donation,Donation to The Unscripted Project,1
Unscripted Back to School 2021 Campaign,6574675069,NAME135,NY,USA,cash,250.00,2021-11-16 2:45:28,donation,Donation to The Unscripted Project,1
Unscripted Back to School 2021 Campaign,1734668562,NAME136,NY,USA,cash,"5,000.00",2021-11-16 1:36:23,donation,Donation to The Unscripted Project,1
Donate to Unscripted,7004491129,NAME137,NY,USA,card,130.00,2021-10-28 10:26:22,donation,Donation to The Unscripted Project,1
Donate to Unscripted,4389708974,NAME042,NY,USA,card,25.00,2021-09-24 19:44:55,donation,Donation to The Unscripted Project,1
Donate to Unscripted,6578560302,NAME018,NY,USA,card,25.00,2021-09-17 15:56:16,donation,Donation to The Unscripted Project,1
Donate to Unscripted,3446892077,NAME236,PA,USA,card,130.00,2021-06-08 14:18:21,donation,Donation to The Unscripted Project,1
Donate to Unscripted,7667551885,NAME237,PA,USA,venmo,25.00,2021-05-06 21:39:30,donation,Donation to The Unscripted Project,1
The Unscripted Project Trivia Night,9248754400,NAME238,VA,USA,check,15.00,2021-05-02 23:05:42,ticket,Trivia Night - Individual Ticket,1
The Unscripted Project Trivia Night,4265105693,NAME118,,,venmo,15.00,2021-05-02 21:55:40,ticket,Trivia Night - Individual Ticket,1
The Unscripted Project Trivia Night,7168943454,NAME239,NY,USA,card,30.00,2021-05-02 21:55:36,ticket,Support Unscripted,2
The Unscripted Project Trivia Night,7385460673,NAME240,,,venmo,15.00,2021-05-02 21:24:49,ticket,Support Unscripted,1
The Unscripted Project Trivia Night,6590453404,NAME241,,,paypal,40.00,2021-05-02 18:27:52,ticket,Trivia Night - Individual Ticket,2
The Unscripted Project Trivia Night,6590453404,NAME241,,,paypal,40.00,2021-05-02 18:27:52,donation,Donation to The Unscripted Project,1
The Unscripted Project Trivia Night,3684767223,NAME010,NJ,USA,digital_wallet,30.00,2021-05-02 18:21:44,ticket,Trivia Night - Individual Ticket,2
The Unscripted Project Trivia Night,7818757726,NAME065,NY,USA,card,25.00,2021-05-02 15:12:46,ticket,Support Unscripted,1
The Unscripted Project Trivia Night,7818757726,NAME065,NY,USA,card,25.00,2021-05-02 15:12:46,donation,Donation to The Unscripted Project,1
The Unscripted Project Trivia Night,6465552030,NAME071,,,paypal,30.00,2021-05-02 1:18:50,ticket,Trivia Night - Individual Ticket,2
The Unscripted Project Trivia Night,5854694127,NAME242,,,paypal,15.00,2021-05-02 0:37:04,ticket,Trivia Night - Individual Ticket,1
The Unscripted Project Trivia Night,9076338082,NAME243,NY,USA,digital_wallet,45.00,2021-05-01 23:19:18,ticket,Trivia Night - Individual Ticket,3
The Unscripted Project Trivia Night,7621222343,NAME244,,,venmo,30.00,2021-05-01 17:11:40,ticket,Trivia Night - Individual Ticket,2
The Unscripted Project Trivia Night,9649739126,NAME118,,,venmo,15.00,2021-05-01 15:53:19,ticket,Trivia Night - Individual Ticket,1
The Unscripted Project Trivia Night,8797367192,NAME245,WA,USA,card,60.00,2021-04-29 22:02:50,ticket,Trivia Night - Individual Ticket,4
The Unscripted Project Trivia Night,3621624704,NAME246,,,paypal,45.00,2021-04-29 15:03:27,ticket,Trivia Night - Individual Ticket,2
The Unscripted Project Trivia Night,3621624704,NAME246,,,paypal,45.00,2021-04-29 15:03:27,ticket,Support Unscripted,1
The Unscripted Project Trivia Night,5134511014,NAME030,CA,USA,card,30.00,2021-04-28 16:16:31,ticket,Trivia Night - Individual Ticket,2
The Unscripted Project Trivia Night,4285751544,NAME247,NY,USA,card,15.00,2021-04-28 16:13:47,ticket,Trivia Night - Individual Ticket,1
The Unscripted Project Trivia Night,3509609054,NAME247,NY,USA,card,30.00,2021-04-28 16:11:43,ticket,Trivia Night - Individual Ticket,2
The Unscripted Project Trivia Night,5373175821,NAME248,NY,USA,card,15.00,2021-04-28 16:10:29,ticket,Trivia Night - Individual Ticket,1
The Unscripted Project Trivia Night,5657058173,NAME100,NY,USA,card,15.00,2021-04-28 15:51:54,ticket,Trivia Night - Individual Ticket,1
The Unscripted Project Trivia Night,6061738370,NAME098,PA,USA,digital_wallet,15.00,2021-04-28 2:33:54,ticket,Trivia Night - Individual Ticket,1
The Unscripted Project Trivia Night,8707338598,NAME249,PA,USA,card,70.00,2021-04-28 0:27:39,ticket,Trivia Night - Group Ticket (up to 5),1
The Unscripted Project Trivia Night,7321509502,NAME036,,,venmo,15.00,2021-04-27 22:01:15,ticket,Trivia Night - Individual Ticket,1
The Unscripted Project Trivia Night,3145843669,NAME250,,,paypal,40.00,2021-04-27 20:55:49,ticket,Trivia Night - Individual Ticket,2
The Unscripted Project Trivia Night,3145843669,NAME250,,,paypal,40.00,2021-04-27 20:55:49,donation,Donation to The Unscripted Project,1
The Unscripted Project Trivia Night,8861331238,NAME015,CA,USA,card,70.00,2021-04-26 23:40:25,ticket,Trivia Night - Group Ticket (up to 5),1
The Unscripted Project Trivia Night,9630559288,NAME102,DC,USA,card,70.00,2021-04-26 12:38:14,ticket,Trivia Night - Group Ticket (up to 5),1
The Unscripted Project Trivia Night,6936005364,NAME251,NY,USA,card,15.00,2021-04-26 11:58:01,ticket,Trivia Night - Individual Ticket,1
The Unscripted Project Trivia Night,8228026872,NAME064,,USA,cash,70.00,2021-04-24 23:29:23,ticket,Trivia Night - Group Ticket (up to 5),1
The Unscripted Project Trivia Night,6322511277,NAME056,NY,USA,digital_wallet,30.00,2021-04-24 22:21:09,ticket,Trivia Night - Individual Ticket,2
The Unscripted Project Trivia Night,8900419244,NAME252,DC,USA,card,70.00,2021-04-22 15:14:37,ticket,Trivia Night - Group Ticket (up to 5),1
Donate to Unscripted,6494264605,NAME004,,,venmo,15.00,2021-03-10 1:37:53,donation,Donation to The Unscripted Project,1
Donate to Unscripted,5978795641,NAME253,NY,USA,card,65.00,2021-03-02 4:15:46,donation,Donation to The Unscripted Project,1
Donate to Unscripted,8135350103,NAME094,NY,USA,card,130.00,2021-03-02 3:53:28,donation,Donation to The Unscripted Project,1
Unscripted 20/2020 Fall Campaign,5563447444,NAME254,PA,USA,cash,27.00,2021-01-04 22:10:09,donation,Donation to The Unscripted Project,1
Unscripted 20/2020 Fall Campaign,2457757462,NAME255,PA,USA,cash,65.00,2020-12-23 15:44:26,donation,Donation to The Unscripted Project,1
Unscripted 20/2020 Fall Campaign,7401298979,NAME256,PA,USA,cash,130.00,2020-12-20 22:02:05,donation,Donation to The Unscripted Project,1
Unscripted 20/2020 Fall Campaign,3637111332,NAME257,PA,USA,cash,"5,319.00",2020-12-20 21:55:07,donation,Donation to The Unscripted Project,1
Unscripted 20/2020 Fall Campaign,4411391662,NAME258,CA,USA,paypal,130.00,2020-12-19 4:08:34,donation,Donation to The Unscripted Project,1
Unscripted 20/2020 Fall Campaign,3312775905,NAME015,CA,USA,cash,25.00,2020-12-08 18:20:35,donation,Donation to The Unscripted Project,1
Unscripted 20/2020 Fall Campaign,3637701330,NAME259,NY,USA,card,100.00,2020-12-07 3:19:50,donation,Donation to The Unscripted Project,1
Unscripted 20/2020 Fall Campaign,4787181932,NAME081,PA,USA,paypal,130.00,2020-12-03 19:48:24,donation,Donation to The Unscripted Project,1
Unscripted 20/2020 Fall Campaign,2666886574,NAME260,PA,USA,paypal,25.00,2020-12-03 14:40:42,donation,Donation to The Unscripted Project,1
Unscripted 20/2020 Fall Campaign,8910676494,NAME261,NJ,USA,card,25.00,2020-12-03 3:56:41,donation,Donation to The Unscripted Project,1
Unscripted 20/2020 Fall Campaign,8998857805,NAME018,PA,USA,cash,75.00,2020-12-03 2:39:50,donation,Donation to The Unscripted Project,1
Unscripted 20/2020 Fall Campaign,7893683591,NAME262,PA,USA,card,65.00,2020-12-03 2:35:15,donation,Donation to The Unscripted Project,1
Unscripted 20/2020 Fall Campaign,1724231218,NAME063,PA,USA,digital_wallet,30.00,2020-12-03 2:28:43,donation,Donation to The Unscripted Project,1
Unscripted 20/2020 Fall Campaign,5435163714,NAME263,FL,USA,card,25.00,2020-12-03 2:24:54,donation,Donation to The Unscripted Project,1
Unscripted 20/2020 Fall Campaign,4989526331,NAME264,NY,USA,card,10.00,2020-12-03 2:12:39,donation,Donation to The Unscripted Project,1
Unscripted 20/2020 Fall Campaign,3159351196,NAME265,Victoria,AUS,paypal,50.00,2020-12-03 0:53:15,donation,Donation to The Unscripted Project,1
Unscripted 20/2020 Fall Campaign,7565903964,NAME266,PA,USA,venmo,100.00,2020-12-02 15:56:18,donation,Donation to The Unscripted Project,1
Unscripted 20/2020 Fall Campaign,1237387410,NAME099,NY,USA,paypal,25.00,2020-12-02 14:53:36,donation,Donation to The Unscripted Project,1
Unscripted 20/2020 Fall Campaign,7187286522,NAME267,PA,USA,paypal,65.00,2020-12-01 23:21:23,donation,Donation to The Unscripted Project,1
Unscripted 20/2020 Fall Campaign,8386406895,NAME268,NY,USA,digital_wallet,100.00,2020-12-01 23:01:18,donation,Donation to The Unscripted Project,1
Unscripted 20/2020 Fall Campaign,5276128037,NAME269,NY,USA,digital_wallet,65.00,2020-12-01 22:57:11,donation,Donation to The Unscripted Project,1
Unscripted 20/2020 Fall Campaign,7013634705,NAME270,NY,USA,digital_wallet,25.00,2020-12-01 22:53:27,donation,Donation to The Unscripted Project,1
Unscripted 20/2020 Fall Campaign,4687176717,NAME271,PA,USA,paypal,25.00,2020-12-01 22:28:13,donation,Donation to The Unscripted Project,1
Unscripted 20/2020 Fall Campaign,9773467142,NAME039,NY,USA,venmo,65.00,2020-12-01 21:48:03,donation,Donation to The Unscripted Project,1
Unscripted 20/2020 Fall Campaign,7707260349,NAME091,TX,USA,cash,25.00,2020-12-01 5:30:00,donation,Donation to The Unscripted Project,1
Unscripted 20/2020 Fall Campaign,7302287906,NAME272,NY,USA,cash,10.00,2020-12-01 5:28:09,donation,Donation to The Unscripted Project,1
Unscripted 20/2020 Fall Campaign,5845805762,NAME006,PA,USA,cash,40.00,2020-11-30 18:01:33,donation,Donation to The Unscripted Project,1
Unscripted 20/2020 Fall Campaign,8581571416,NAME273,PA,USA,cash,50.00,2020-11-30 17:57:39,donation,Donation to The Unscripted Project,1
Unscripted 20/2020 Fall Campaign,6493011077,NAME274,NY,USA,cash,"2,000.00",2020-11-30 16:28:31,donation,Donation to The Unscripted Project,1
Unscripted 20/2020 Fall Campaign,9177984927,NAME059,NY,USA,cash,"2,000.00",2020-11-30 16:26:45,donation,Donation to The Unscripted Project,1
Unscripted 20/2020 Fall Campaign,7609753779,NAME275,PA,USA,cash,20.00,2020-11-30 16:24:40,donation,Donation to The Unscripted Project,1
Unscripted 20/2020 Fall Campaign,2351628788,NAME276,CA,USA,cash,20.00,2020-11-30 16:16:55,donation,Donation to The Unscripted Project,1
Unscripted 20/2020 Fall Campaign,7933419450,NAME277,PA,USA,cash,5.00,2020-11-30 2:17:28,donation,Donation to The Unscripted Project,1
Unscripted 20/2020 Fall Campaign,1254709270,NAME278,PA,USA,cash,30.00,2020-11-30 1:46:52,donation,Donation to The Unscripted Project,1
Unscripted 20/2020 Fall Campaign,8739481953,NAME040,NJ,USA,cash,50.00,2020-11-30 1:45:50,donation,Donation to The Unscripted Project,1
Unscripted 20/2020 Fall Campaign,3709940258,NAME279,CA,USA,cash,20.00,2020-11-30 1:43:19,donation,Donation to The Unscripted Project,1
Unscripted 20/2020 Fall Campaign,2787436199,NAME280,CA,USA,card,50.00,2020-11-29 2:56:24,donation,Donation to The Unscripted Project,1
Unscripted 20/2020 Fall Campaign,7809277405,NAME281,CA,USA,card,130.00,2020-11-28 21:30:55,donation,Donation to The Unscripted Project,1
Unscripted 20/2020 Fall Campaign,7045919861,NAME282,NJ,USA,digital_wallet,130.00,2020-11-27 15:58:47,donation,Donation to The Unscripted Project,1
Unscripted 20/2020 Fall Campaign,1580420318,NAME120,CA,USA,card,130.00,2020-11-26 23:18:17,donation,Donation to The Unscripted Project,1
Unscripted 20/2020 Fall Campaign,6569061964,NAME283,ND,USA,paypal,25.00,2020-11-25 17:32:00,donation,Donation to The Unscripted Project,1
Unscripted 20/2020 Fall Campaign,2266278226,NAME070,PA,USA,card,20.00,2020-11-25 6:02:08,donation,Donation to The Unscripted Project,1
Unscripted 20/2020 Fall Campaign,8318137628,NAME106,CA,USA,digital_wallet,130.00,2020-11-25 0:16:26,donation,Donation to The Unscripted Project,1
Unscripted 20/2020 Fall Campaign,3432846436,NAME284,NY,USA,cash,35.00,2020-11-24 23:53:13,donation,Donation to The Unscripted Project,1
Unscripted 20/2020 Fall Campaign,2842447079,NAME285,CA,USA,card,25.00,2020-11-24 22:05:13,donation,Donation to The Unscripted Project,1
Unscripted 20/2020 Fall Campaign,7049645512,NAME286,CA,USA,cash,15.00,2020-11-24 20:26:32,donation,Donation to The Unscripted Project,1
Unscripted 20/2020 Fall Campaign,9364713137,NAME287,PA,USA,paypal,65.00,2020-11-24 19:41:02,donation,Donation to The Unscripted Project,1
Unscripted 20/2020 Fall Campaign,6635497835,NAME075,PA,USA,cash,20.00,2020-11-24 17:12:27,donation,Donation to The Unscripted Project,1
Unscripted 20/2020 Fall Campaign,7116327982,NAME288,PA,USA,paypal,65.00,2020-11-24 3:27:30,donation,Donation to The Unscripted Project,1
Unscripted 20/2020 Fall Campaign,3712394948,NAME060,NY,USA,cash,20.00,2020-11-24 3:23:09,donation,Donation to The Unscripted Project,1
Unscripted 20/2020 Fall Campaign,1928292193,NAME289,NY,USA,cash,20.00,2020-11-24 3:20:34,donation,Donation to The Unscripted Project,1
Unscripted 20/2020 Fall Campaign,7786626369,NAME019,PA,USA,cash,25.00,2020-11-24 3:18:14,donation,Donation to The Unscripted Project,1
Unscripted 20/2020 Fall Campaign,3572352774,NAME003,NY,USA,cash,25.00,2020-11-24 3:14:41,donation,Donation to The Unscripted Project,1
Unscripted 20/2020 Fall Campaign,7725785687,NAME021,NY,USA,cash,45.00,2020-11-24 3:11:36,donation,Donation to The Unscripted Project,1
Unscripted 20/2020 Fall Campaign,8733356755,NAME014,NY,USA,cash,50.00,2020-11-24 3:10:00,donation,Donation to The Unscripted Project,1
Unscripted 20/2020 Fall Campaign,4344442825,NAME011,MN,USA,cash,25.00,2020-11-24 3:08:13,donation,Donation to The Unscripted Project,1
Unscripted 20/2020 Fall Campaign,7496873615,NAME012,CA,USA,cash,10.00,2020-11-24 3:04:36,donation,Donation to The Unscripted Project,1
Unscripted 20/2020 Fall Campaign,8839198974,NAME290,PA,USA,cash,20.00,2020-11-24 2:52:58,donation,Donation to The Unscripted Project,1
Unscripted 20/2020 Fall Campaign,8762887230,NAME291,CA,USA,card,65.00,2020-11-23 7:50:41,donation,Donation to The Unscripted Project,1
Unscripted 20/2020 Fall Campaign,7118277779,NAME114,NY,USA,digital_wallet,25.00,2020-11-23 5:12:38,donation,Donation to The Unscripted Project,1
Unscripted 20/2020 Fall Campaign,2801254306,NAME292,CA,USA,card,200.00,2020-11-23 3:59:41,donation,Donation to The Unscripted Project,1
Unscripted 20/2020 Fall Campaign,3108938482,NAME293,NY,USA,card,100.00,2020-11-22 23:20:59,donation,Donation to The Unscripted Project,1
Unscripted 20/2020 Fall Campaign,6381706985,NAME111,NJ,USA,venmo,65.00,2020-11-22 15:43:03,donation,Donation to The Unscripted Project,1
Unscripted 20/2020 Fall Campaign,9873884056,NAME294,VIC,AUS,card,35.00,2020-11-22 13:40:47,donation,Donation to The Unscripted Project,1
Unscripted 20/2020 Fall Campaign,9081033366,NAME295,CA,USA,paypal,50.00,2020-11-21 8:51:23,donation,Donation to The Unscripted Project,1
Unscripted 20/2020 Fall Campaign,2850881019,NAME090,NY,USA,card,25.00,2020-11-21 2:56:54,donation,Donation to The Unscripted Project,1
Unscripted 20/2020 Fall Campaign,5493600434,NAME080,NY,USA,card,65.00,2020-11-20 23:39:03,donation,Donation to The Unscripted Project,1
Unscripted 20/2020 Fall Campaign,9958781425,NAME089,PA,USA,digital_wallet,65.00,2020-11-20 23:18:25,donation,Donation to The Unscripted Project,1
Unscripted 20/2020 Fall Campaign,5754852162,NAME073,CA,USA,paypal,25.00,2020-11-20 23:17:50,donation,Donation to The Unscripted Project,1
Unscripted 20/2020 Fall Campaign,6118834168,NAME296,CA,USA,cash,100.00,2020-11-20 23:03:11,donation,Donation to The Unscripted Project,1
Unscripted 20/2020 Fall Campaign,3428328228,NAME086,PA,USA,cash,25.00,2020-11-20 19:23:18,donation,Donation to The Unscripted Project,1
Unscripted 20/2020 Fall Campaign,7712913944,NAME079,NJ,USA,card,250.00,2020-11-20 14:23:28,donation,Donation to The Unscripted Project,1
Unscripted 20/2020 Fall Campaign,9361960117,NAME062,CT,USA,card,20.00,2020-11-20 2:27:36,donation,Donation to The Unscripted Project,1
Unscripted 20/2020 Fall Campaign,9035610907,NAME297,NY,USA,card,25.00,2020-11-20 0:32:11,donation,Donation to The Unscripted Project,1
Unscripted 20/2020 Fall Campaign,3635003828,NAME298,CA,USA,card,250.00,2020-11-19 23:11:12,donation,Donation to The Unscripted Project,1
Unscripted 20/2020 Fall Campaign,3874639657,NAME299,WA,USA,card,25.00,2020-11-19 21:09:05,donation,Donation to The Unscripted Project,1
Unscripted 20/2020 Fall Campaign,3109308772,NAME300,CA,USA,paypal,65.00,2020-11-19 18:41:11,donation,Donation to The Unscripted Project,1
Unscripted 20/2020 Fall Campaign,6529536273,NAME018,PA,USA,cash,78.00,2020-11-19 17:25:11,donation,Donation to The Unscripted Project,1
Unscripted 20/2020 Fall Campaign,9017459793,NAME301,CA,USA,cash,80.00,2020-11-19 16:55:48,donation,Donation to The Unscripted Project,1
Unscripted 20/2020 Fall Campaign,1322010316,NAME121,CA,USA,cash,25.00,2020-11-19 16:52:01,donation,Donation to The Unscripted Project,1
Unscripted 20/2020 Fall Campaign,3076138016,NAME126,PA,USA,card,25.00,2020-11-19 16:05:51,donation,Donation to The Unscripted Project,1
Unscripted 20/2020 Fall Campaign,8773686517,NAME302,Hong Kong,HKG,card,100.00,2020-11-19 14:21:00,donation,Donation to The Unscripted Project,1
Unscripted 20/2020 Fall Campaign,6103977298,NAME127,CA,USA,card,65.00,2020-11-19 14:11:49,donation,Donation to The Unscripted Project,1
Unscripted 20/2020 Fall Campaign,3322081732,NAME303,CA,USA,card,130.00,2020-11-19 6:18:43,donation,Donation to The Unscripted Project,1
Unscripted 20/2020 Fall Campaign,2786332880,NAME304,CA,USA,card,25.00,2020-11-19 5:32:48,donation,Donation to The Unscripted Project,1
Unscripted 20/2020 Fall Campaign,7460487295,NAME305,VIC,AUS,digital_wallet,20.00,2020-11-19 4:32:13,donation,Donation to The Unscripted Project,1
Unscripted 20/2020 Fall Campaign,8344170902,NAME306,PA,USA,venmo,25.00,2020-11-19 3:09:03,donation,Donation to The Unscripted Project,1
Unscripted 20/2020 Fall Campaign,8606451556,NAME307,NY,USA,venmo,30.00,2020-11-19 2:53:28,donation,Donation to The Unscripted Project,1
Unscripted 20/2020 Fall Campaign,1796186793,NAME308,PA,USA,card,15.00,2020-11-19 2:30:24,donation,Donation to The Unscripted Project,1
Unscripted 20/2020 Fall Campaign,2884903090,NAME309,CA,USA,paypal,25.00,2020-11-19 1:42:09,donation,Donation to The Unscripted Project,1
Unscripted 20/2020 Fall Campaign,6180669466,NAME244,PA,USA,cash,30.00,2020-11-19 1:35:19,donation,Donation to The Unscripted Project,1
Unscripted 20/2020 Fall Campaign,4882235921,NAME067,NY,USA,card,65.00,2020-11-19 0:54:53,donation,Donation to The Unscripted Project,1
Unscripted 20/2020 Fall Campaign,9911545272,NAME310,MN,USA,venmo,125.00,2020-11-19 0:53:47,donation,Donation to The Unscripted Project,1
Unscripted 20/2020 Fall Campaign,6245303897,NAME098,PA,USA,card,65.00,2020-11-18 19:29:37,donation,Donation to The Unscripted Project,1
Unscripted 20/2020 Fall Campaign,6082566432,NAME311,NY,USA,digital_wallet,130.00,2020-11-18 19:27:13,donation,Donation to The Unscripted Project,1
Unscripted 20/2020 Fall Campaign,2341067815,NAME312,DC,USA,card,130.00,2020-11-18 14:48:06,donation,Donation to The Unscripted Project,1
Unscripted 20/2020 Fall Campaign,6649433612,NAME129,PA,USA,cash,30.00,2020-11-18 14:46:06,donation,Donation to The Unscripted Project,1
Unscripted 20/2020 Fall Campaign,4467946977,NAME072,NY,USA,cash,50.00,2020-11-18 14:43:55,donation,Donation to The Unscripted Project,1
Unscripted 20/2020 Fall Campaign,9776959710,NAME041,PA,USA,cash,30.00,2020-11-18 2:57:31,donation,Donation to The Unscripted Project,1
Unscripted 20/2020 Fall Campaign,9466674815,NAME313,NY,USA,venmo,66.00,2020-11-18 2:18:53,donation,Donation to The Unscripted Project,1
Unscripted 20/2020 Fall Campaign,1675151042,NAME314,NSW,AUS,paypal,130.00,2020-11-17 22:01:35,donation,Donation to The Unscripted Project,1
Unscripted 20/2020 Fall Campaign,1783985600,NAME010,PA,USA,cash,50.00,2020-11-17 19:40:09,donation,Donation to The Unscripted Project,1
Unscripted 20/2020 Fall Campaign,2874696474,NAME066,,CHN,card,"1,950.00",2020-11-17 15:48:20,donation,Donation to The Unscripted Project,1
Unscripted 20/2020 Fall Campaign,6851595585,NAME315,NY,USA,card,5.00,2020-11-17 14:56:47,donation,Donation to The Unscripted Project,1
Unscripted 20/2020 Fall Campaign,5867499208,NAME316,NY,USA,paypal,10.00,2020-11-17 5:09:32,donation,Donation to The Unscripted Project,1
Unscripted 20/2020 Fall Campaign,2831576969,NAME087,PA,USA,cash,25.00,2020-11-17 3:32:31,donation,Donation to The Unscripted Project,1
Unscripted 20/2020 Fall Campaign,2376146849,NAME317,NSW,AUS,digital_wallet,130.00,2020-11-17 2:50:16,donation,Donation to The Unscripted Project,1
Unscripted 20/2020 Fall Campaign,6435269001,NAME076,PA,USA,card,30.00,2020-11-16 21:24:27,donation,Donation to The Unscripted Project,1
Unscripted 20/2020 Fall Campaign,8720605489,NAME018,PA,USA,cash,"5,000.00",2020-11-16 19:49:39,donation,Donation to The Unscripted Project,1
Unscripted 20/2020 Fall Campaign,8110568063,NAME318,CA,USA,venmo,20.00,2020-11-16 2:19:12,donation,Donation to The Unscripted Project,1
Unscripted 20/2020 Fall Campaign,1662833525,NAME319,PA,USA,cash,65.00,2020-11-16 1:50:15,donation,Donation to The Unscripted Project,1
Unscripted 20/2020 Fall Campaign,3052555249,NAME320,PA,USA,cash,60.00,2020-11-15 20:08:04,donation,Donation to The Unscripted Project,1
Unscripted 20/2020 Fall Campaign,3091559417,NAME321,PA,USA,cash,21.00,2020-11-15 20:06:25,donation,Donation to The Unscripted Project,1
Unscripted 20/2020 Fall Campaign,6931612244,NAME101,DC,USA,card,65.00,2020-11-15 18:07:27,donation,Donation to The Unscripted Project,1
Unscripted 20/2020 Fall Campaign,1635489209,NAME074,CA,USA,card,130.00,2020-11-15 2:25:40,donation,Donation to The Unscripted Project,1
Unscripted 20/2020 Fall Campaign,1594772440,NAME322,AZ,USA,card,25.00,2020-11-14 22:59:03,donation,Donation to The Unscripted Project,1
Unscripted 20/2020 Fall Campaign,9394847561,NAME018,PA,USA,cash,100.00,2020-11-14 0:02:23,donation,Donation to The Unscripted Project,1
Unscripted 20/2020 Fall Campaign,6231221420,NAME323,PA,USA,cash,25.00,2020-11-13 16:39:41,donation,Donation to The Unscripted Project,1
Unscripted 20/2020 Fall Campaign,5143431480,NAME119,IN,USA,card,25.00,2020-11-13 16:29:38,donation,Donation to The Unscripted Project,1
Unscripted 20/2020 Fall Campaign,5786276417,NAME324,PA,USA,digital_wallet,25.00,2020-11-13 14:06:04,donation,Donation to The Unscripted Project,1
Unscripted 20/2020 Fall Campaign,8158591660,NAME102,NJ,USA,venmo,50.00,2020-11-13 5:18:10,donation,Donation to The Unscripted Project,1
Unscripted 20/2020 Fall Campaign,6280049625,NAME325,NY,USA,paypal,25.00,2020-11-12 17:40:36,donation,Donation to The Unscripted Project,1
Unscripted 20/2020 Fall Campaign,8187927646,NAME082,GA,USA,paypal,25.00,2020-11-12 15:51:04,donation,Donation to The Unscripted Project,1
Unscripted 20/2020 Fall Campaign,4477155876,NAME135,NY,USA,cash,65.00,2020-11-12 15:36:22,donation,Donation to The Unscripted Project,1
Unscripted 20/2020 Fall Campaign,6955327390,NAME326,Shanghai,CHN,card,250.00,2020-11-12 13:31:45,donation,Donation to The Unscripted Project,1
Unscripted 20/2020 Fall Campaign,4097736839,NAME077,Victoria,AUS,card,65.00,2020-11-12 3:55:28,donation,Donation to The Unscripted Project,1
Unscripted 20/2020 Fall Campaign,9125200747,NAME100,OK,USA,card,10.00,2020-11-12 2:55:50,donation,Donation to The Unscripted Project,1
Unscripted 20/2020 Fall Campaign,7972770893,NAME068,NY,USA,cash,65.00,2020-11-12 2:22:57,donation,Donation to The Unscripted Project,1
Unscripted 20/2020 Fall Campaign,6011432335,NAME061,NY,USA,cash,15.00,2020-11-12 2:20:22,donation,Donation to The Unscripted Project,1
Unscripted 20/2020 Fall Campaign,9846756841,NAME036,GA,USA,cash,50.00,2020-11-11 23:21:21,donation,Donation to The Unscripted Project,1
Unscripted 20/2020 Fall Campaign,4527930446,NAME071,NY,USA,cash,50.00,2020-11-11 23:19:39,donation,Donation to The Unscripted Project,1
Unscripted 20/2020 Fall Campaign,9624090150,NAME097,NY,USA,cash,130.00,2020-11-11 20:36:27,donation,Donation to The Unscripted Project,1
Unscripted 20/2020 Fall Campaign,2663669605,NAME132,CA,USA,cash,25.00,2020-11-11 20:20:38,donation,Donation to The Unscripted Project,1
Unscripted 20/2020 Fall Campaign,5806893350,NAME113,NY,USA,cash,75.00,2020-11-11 19:56:58,donation,Donation to The Unscripted Project,1
Unscripted 20/2020 Fall Campaign,3022574805,NAME056,NY,USA,cash,250.00,2020-11-11 19:42:19,donation,Donation to The Unscripted Project,1
Unscripted 20/2020 Fall Campaign,2227652014,NAME064,PA,USA,cash,151.00,2020-11-11 19:31:55,donation,Donation to The Unscripted Project,1
Unscripted 20/2020 Fall Campaign,9933865580,NAME049,NY,USA,cash,50.00,2020-11-11 19:24:19,donation,Donation to The Unscripted Project,1
Unscripted 20/2020 Fall Campaign,8311492716,NAME030,NY,USA,cash,100.00,2020-11-11 16:05:05,donation,Donation to The Unscripted Project,1
Unscripted 20/2020 Fall Campaign,1741521949,NAME118,RI,USA,cash,50.00,2020-11-11 4:50:31,donation,Donation to The Unscripted Project,1
Unscripted 20/2020 Fall Campaign,4477872863,NAME096,CA,USA,cash,25.00,2020-11-11 4:37:53,donation,Donation to The Unscripted Project,1
Unscripted 20/2020 Fall Campaign,5782604002,NAME327,PA,USA,cash,150.00,2020-11-11 4:05:53,donation,Donation to The Unscripted Project,1
Unscripted 20/2020 Fall Campaign,8950045465,NAME131,PA,USA,cash,65.00,2020-11-11 4:02:51,donation,Donation to The Unscripted Project,1
Unscripted 20/2020 Fall Campaign,2673682894,NAME058,PA,USA,cash,65.00,2020-11-11 3:58:27,donation,Donation to The Unscripted Project,1
Unscripted 20/2020 Fall Campaign,8732851217,NAME059,CA,USA,digital_wallet,130.00,2020-11-11 3:29:22,donation,Donation to The Unscripted Project,1